id,category
0,8
1,2
2,1
3,0
4,2
5,4
6,2
7,2
8,8
9,8
10,4
11,8
12,8
13,0
14,4
15,0
16,2
17,2
18,8
19,0
20,2
21,8
22,8
23,8
24,0
25,2
26,4
27,0
28,9
29,4
30,8
31,8
32,0
33,4
34,8
35,0
36,8
37,8
38,8
39,9
40,0
41,0
42,4
43,9
44,4
45,9
46,2
47,0
48,4
49,4
50,2
51,2
52,8
53,4
54,4
55,2
56,8
57,4
58,8
59,0
60,8
61,8
62,8
63,8
64,4
65,0
66,4
67,4
68,8
69,8
70,8
71,2
72,2
73,4
74,4
75,0
76,0
77,2
78,8
79,4
80,0
81,8
82,8
83,9
84,8
85,0
86,0
87,4
88,0
89,2
90,8
91,8
92,4
93,8
94,0
95,8
96,0
97,0
98,4
99,2
100,0
101,4
102,8
103,4
104,8
105,8
106,8
107,8
108,9
109,4
110,2
111,8
112,8
113,0
114,8
115,2
116,8
117,2
118,8
119,2
120,0
121,0
122,9
123,9
124,0
125,0
126,8
127,4
128,0
129,8
130,4
131,0
132,9
133,0
134,8
135,2
136,2
137,1
138,4
139,8
140,0
141,2
142,0
143,0
144,0
145,2
146,0
147,0
148,2
149,4
150,4
151,2
152,0
153,4
154,8
155,2
156,4
157,8
158,9
159,0
160,8
161,2
162,0
163,8
164,0
165,9
166,4
167,9
168,4
169,2
170,0
171,8
172,4
173,4
174,2
175,4
176,0
177,0
178,9
179,0
180,0
181,9
182,4
183,8
184,8
185,9
186,9
187,4
188,4
189,8
190,0
191,2
192,0
193,4
194,0
195,2
196,8
197,4
198,2
199,0
200,0
201,0
202,4
203,9
204,2
205,4
206,0
207,8
208,9
209,8
210,4
211,0
212,8
213,4
214,0
215,0
216,0
217,2
218,8
219,4
220,8
221,8
222,2
223,0
224,8
225,8
226,0
227,4
228,8
229,0
230,8
231,8
232,9
233,2
234,9
235,0
236,8
237,0
238,4
239,2
240,8
241,8
242,9
243,2
244,4
245,8
246,4
247,4
248,2
249,4
250,9
251,8
252,4
253,8
254,8
255,4
256,8
257,8
258,4
259,0
260,0
261,2
262,8
263,0
264,0
265,2
266,0
267,4
268,9
269,4
270,0
271,2
272,0
273,4
274,0
275,0
276,8
277,4
278,8
279,4
280,0
281,0
282,2
283,4
284,0
285,4
286,4
287,8
288,8
289,0
290,8
291,9
292,8
293,0
294,8
295,8
296,0
297,9
298,8
299,0
300,0
301,4
302,4
303,8
304,0
305,0
306,4
307,9
308,8
309,9
310,0
311,0
312,8
313,2
314,2
315,4
316,8
317,0
318,2
319,4
320,8
321,4
322,0
323,8
324,4
325,4
326,8
327,8
328,8
329,0
330,0
331,8
332,4
333,8
334,0
335,0
336,8
337,2
338,2
339,0
340,4
341,0
342,0
343,0
344,0
345,0
346,9
347,4
348,9
349,9
350,0
351,8
352,8
353,4
354,0
355,0
356,2
357,4
358,8
359,4
360,0
361,4
362,4
363,4
364,4
365,8
366,0
367,4
368,2
369,8
370,0
371,8
372,9
373,4
374,0
375,9
376,0
377,9
378,4
379,4
380,9
381,8
382,2
383,0
384,9
385,8
386,1
387,2
388,2
389,2
390,4
391,4
392,9
393,8
394,2
395,0
396,4
397,4
398,0
399,2
400,0
401,9
402,8
403,0
404,4
405,4
406,4
407,4
408,2
409,4
410,0
411,4
412,8
413,2
414,9
415,4
416,2
417,0
418,8
419,4
420,8
421,4
422,8
423,8
424,8
425,4
426,4
427,8
428,9
429,8
430,2
431,2
432,4
433,4
434,2
435,4
436,0
437,2
438,4
439,0
440,0
441,9
442,8
443,8
444,4
445,9
446,4
447,4
448,8
449,8
450,0
451,0
452,0
453,0
454,4
455,2
456,9
457,4
458,0
459,4
460,0
461,2
462,4
463,0
464,0
465,4
466,0
467,8
468,2
469,8
470,9
471,4
472,0
473,9
474,2
475,4
476,4
477,9
478,2
479,9
480,8
481,9
482,0
483,8
484,9
485,8
486,8
487,0
488,0
489,0
490,4
491,4
492,8
493,2
494,8
495,9
496,0
497,2
498,8
499,0
500,2
501,0
502,8
503,9
504,0
505,8
506,2
507,4
508,8
509,2
510,4
511,4
512,2
513,0
514,9
515,8
516,8
517,0
518,9
519,0
520,2
521,8
522,0
523,8
524,9
525,2
526,4
527,2
528,8
529,4
530,2
531,8
532,8
533,8
534,8
535,8
536,0
537,9
538,4
539,0
540,4
541,4
542,8
543,0
544,0
545,0
546,4
547,0
548,2
549,9
550,2
551,0
552,8
553,0
554,0
555,0
556,9
557,0
558,4
559,8
560,8
561,4
562,2
563,0
564,4
565,0
566,0
567,8
568,8
569,2
570,6
571,4
572,0
573,8
574,8
575,8
576,9
577,0
578,6
579,4
580,8
581,0
582,8
583,9
584,0
585,4
586,0
587,4
588,8
589,0
590,4
591,0
592,8
593,9
594,4
595,2
596,8
597,8
598,8
599,0
600,2
601,9
602,8
603,8
604,0
605,0
606,9
607,2
608,4
609,9
610,0
611,8
612,4
613,8
614,2
615,8
616,0
617,2
618,4
619,8
620,2
621,4
622,2
623,8
624,0
625,0
626,8
627,8
628,8
629,2
630,9
631,4
632,2
633,0
634,4
635,4
636,0
637,4
638,2
639,2
640,8
641,8
642,8
643,4
644,9
645,0
646,0
647,8
648,4
649,4
650,4
651,0
652,0
653,4
654,8
655,2
656,0
657,4
658,8
659,4
660,0
661,8
662,0
663,0
664,2
665,4
666,0
667,8
668,2
669,8
670,4
671,8
672,0
673,4
674,0
675,8
676,9
677,0
678,8
679,2
680,9
681,2
682,8
683,9
684,2
685,4
686,4
687,9
688,8
689,4
690,8
691,0
692,9
693,8
694,0
695,4
696,4
697,8
698,0
699,0
700,8
701,0
702,4
703,0
704,9
705,9
706,9
707,4
708,8
709,9
710,0
711,0
712,8
713,0
714,0
715,2
716,2
717,8
718,0
719,0
720,0
721,8
722,8
723,4
724,2
725,4
726,4
727,4
728,0
729,8
730,9
731,0
732,0
733,0
734,2
735,8
736,0
737,8
738,4
739,0
740,0
741,8
742,0
743,2
744,8
745,9
746,8
747,9
748,8
749,8
750,4
751,2
752,8
753,0
754,8
755,0
756,9
757,8
758,4
759,4
760,0
761,2
762,4
763,8
764,2
765,4
766,4
767,4
768,8
769,4
770,0
771,8
772,9
773,2
774,4
775,8
776,9
777,4
778,4
779,4
780,9
781,2
782,0
783,8
784,9
785,8
786,8
787,0
788,9
789,8
790,0
791,4
792,1
793,2
794,9
795,8
796,0
797,8
798,4
799,4
800,9
801,2
802,8
803,0
804,2
805,2
806,4
807,8
808,0
809,4
810,9
811,0
812,8
813,8
814,8
815,4
816,8
817,2
818,8
819,8
820,9
821,4
822,0
823,4
824,9
825,4
826,8
827,4
828,8
829,4
830,4
831,8
832,8
833,0
834,8
835,1
836,4
837,4
838,0
839,9
840,8
841,2
842,8
843,0
844,0
845,8
846,8
847,9
848,9
849,4
850,8
851,2
852,8
853,8
854,0
855,9
856,8
857,0
858,0
859,0
860,4
861,0
862,8
863,0
864,4
865,8
866,8
867,0
868,8
869,2
870,2
871,0
872,0
873,0
874,0
875,4
876,9
877,4
878,0
879,8
880,8
881,8
882,8
883,9
884,9
885,4
886,0
887,0
888,4
889,0
890,0
891,9
892,9
893,2
894,0
895,8
896,8
897,0
898,9
899,8
900,8
901,8
902,9
903,0
904,4
905,2
906,0
907,4
908,0
909,2
910,0
911,2
912,9
913,8
914,0
915,2
916,0
917,9
918,0
919,8
920,8
921,4
922,8
923,0
924,2
925,8
926,2
927,8
928,4
929,8
930,8
931,4
932,4
933,4
934,0
935,4
936,9
937,0
938,2
939,4
940,9
941,0
942,8
943,0
944,8
945,9
946,8
947,4
948,0
949,2
950,0
951,0
952,8
953,4
954,0
955,0
956,2
957,8
958,8
959,0
960,4
961,8
962,9
963,8
964,8
965,2
966,0
967,4
968,0
969,2
970,9
971,4
972,8
973,8
974,0
975,4
976,4
977,0
978,8
979,0
980,9
981,4
982,8
983,8
984,4
985,0
986,4
987,4
988,2
989,2
990,0
991,2
992,0
993,8
994,4
995,9
996,0
997,2
998,8
999,8
1000,2
1001,4
1002,2
1003,8
1004,2
1005,4
1006,8
1007,9
1008,2
1009,0
1010,9
1011,9
1012,1
1013,9
1014,8
1015,8
1016,8
1017,9
1018,2
1019,8
1020,2
1021,2
1022,0
1023,8
1024,8
1025,4
1026,2
1027,8
1028,4
1029,0
1030,4
1031,0
1032,4
1033,9
1034,0
1035,0
1036,2
1037,8
1038,2
1039,8
1040,8
1041,8
1042,2
1043,0
1044,0
1045,9
1046,4
1047,0
1048,2
1049,0
1050,4
1051,8
1052,0
1053,4
1054,8
1055,4
1056,0
1057,0
1058,4
1059,8
1060,0
1061,2
1062,0
1063,0
1064,4
1065,2
1066,8
1067,8
1068,9
1069,0
1070,4
1071,4
1072,9
1073,0
1074,8
1075,4
1076,8
1077,2
1078,8
1079,8
1080,0
1081,8
1082,0
1083,0
1084,9
1085,8
1086,0
1087,0
1088,0
1089,8
1090,8
1091,4
1092,8
1093,8
1094,8
1095,9
1096,8
1097,0
1098,9
1099,8
1100,4
1101,2
1102,0
1103,8
1104,4
1105,8
1106,8
1107,2
1108,8
1109,0
1110,2
1111,0
1112,9
1113,4
1114,8
1115,2
1116,2
1117,0
1118,0
1119,8
1120,9
1121,4
1122,4
1123,8
1124,4
1125,4
1126,8
1127,2
1128,2
1129,8
1130,8
1131,2
1132,4
1133,9
1134,4
1135,8
1136,4
1137,8
1138,8
1139,2
1140,4
1141,9
1142,2
1143,9
1144,8
1145,8
1146,4
1147,4
1148,2
1149,8
1150,0
1151,8
1152,0
1153,8
1154,2
1155,9
1156,0
1157,8
1158,0
1159,9
1160,4
1161,8
1162,4
1163,4
1164,8
1165,4
1166,4
1167,4
1168,4
1169,2
1170,8
1171,8
1172,4
1173,2
1174,4
1175,8
1176,8
1177,0
1178,4
1179,8
1180,8
1181,8
1182,0
1183,0
1184,8
1185,4
1186,0
1187,9
1188,0
1189,8
1190,8
1191,4
1192,2
1193,0
1194,2
1195,8
1196,9
1197,2
1198,9
1199,8
1200,9
1201,0
1202,0
1203,0
1204,4
1205,2
1206,4
1207,0
1208,0
1209,9
1210,0
1211,8
1212,9
1213,2
1214,0
1215,8
1216,0
1217,2
1218,4
1219,0
1220,0
1221,0
1222,0
1223,4
1224,9
1225,2
1226,4
1227,9
1228,9
1229,2
1230,9
1231,4
1232,0
1233,4
1234,4
1235,0
1236,0
1237,8
1238,4
1239,4
1240,8
1241,2
1242,0
1243,8
1244,2
1245,8
1246,4
1247,4
1248,8
1249,4
1250,2
1251,4
1252,0
1253,2
1254,4
1255,4
1256,2
1257,0
1258,8
1259,2
1260,0
1261,4
1262,8
1263,8
1264,8
1265,4
1266,8
1267,4
1268,2
1269,0
1270,0
1271,0
1272,9
1273,0
1274,9
1275,4
1276,9
1277,2
1278,8
1279,4
1280,4
1281,8
1282,0
1283,8
1284,8
1285,4
1286,2
1287,0
1288,9
1289,9
1290,8
1291,9
1292,8
1293,0
1294,0
1295,0
1296,4
1297,4
1298,4
1299,4
1300,8
1301,8
1302,0
1303,0
1304,4
1305,0
1306,4
1307,9
1308,0
1309,4
1310,9
1311,0
1312,4
1313,8
1314,8
1315,2
1316,8
1317,9
1318,4
1319,4
1320,4
1321,8
1322,4
1323,8
1324,8
1325,8
1326,2
1327,8
1328,8
1329,4
1330,2
1331,8
1332,9
1333,8
1334,0
1335,4
1336,0
1337,8
1338,8
1339,4
1340,0
1341,9
1342,4
1343,4
1344,8
1345,0
1346,0
1347,4
1348,0
1349,9
1350,2
1351,0
1352,4
1353,4
1354,8
1355,9
1356,4
1357,0
1358,0
1359,4
1360,4
1361,2
1362,4
1363,8
1364,0
1365,4
1366,8
1367,0
1368,8
1369,4
1370,4
1371,0
1372,0
1373,8
1374,4
1375,8
1376,2
1377,4
1378,4
1379,0
1380,2
1381,0
1382,8
1383,8
1384,8
1385,4
1386,8
1387,2
1388,8
1389,8
1390,0
1391,0
1392,0
1393,0
1394,4
1395,8
1396,4
1397,0
1398,9
1399,8
1400,4
1401,8
1402,0
1403,0
1404,2
1405,8
1406,8
1407,4
1408,2
1409,8
1410,9
1411,9
1412,0
1413,8
1414,9
1415,8
1416,0
1417,2
1418,9
1419,8
1420,8
1421,0
1422,9
1423,9
1424,0
1425,2
1426,8
1427,8
1428,0
1429,0
1430,9
1431,4
1432,8
1433,0
1434,0
1435,8
1436,8
1437,4
1438,4
1439,8
1440,9
1441,8
1442,8
1443,2
1444,0
1445,9
1446,0
1447,8
1448,8
1449,4
1450,0
1451,0
1452,0
1453,8
1454,8
1455,4
1456,8
1457,4
1458,0
1459,4
1460,4
1461,8
1462,8
1463,0
1464,8
1465,0
1466,8
1467,2
1468,4
1469,4
1470,8
1471,8
1472,8
1473,8
1474,0
1475,2
1476,0
1477,2
1478,9
1479,8
1480,8
1481,4
1482,0
1483,2
1484,8
1485,0
1486,2
1487,4
1488,9
1489,0
1490,2
1491,4
1492,4
1493,0
1494,2
1495,0
1496,2
1497,4
1498,4
1499,4
1500,4
1501,8
1502,4
1503,8
1504,0
1505,9
1506,0
1507,0
1508,8
1509,2
1510,9
1511,8
1512,0
1513,8
1514,4
1515,4
1516,8
1517,0
1518,4
1519,8
1520,0
1521,8
1522,8
1523,8
1524,0
1525,8
1526,9
1527,2
1528,2
1529,0
1530,0
1531,4
1532,8
1533,2
1534,9
1535,0
1536,9
1537,2
1538,2
1539,4
1540,8
1541,0
1542,0
1543,0
1544,9
1545,2
1546,0
1547,8
1548,2
1549,8
1550,4
1551,8
1552,0
1553,8
1554,9
1555,8
1556,8
1557,8
1558,2
1559,2
1560,4
1561,2
1562,4
1563,8
1564,8
1565,0
1566,8
1567,8
1568,8
1569,8
1570,4
1571,8
1572,0
1573,8
1574,0
1575,2
1576,2
1577,8
1578,0
1579,9
1580,0
1581,0
1582,8
1583,8
1584,2
1585,0
1586,8
1587,2
1588,2
1589,8
1590,2
1591,4
1592,0
1593,4
1594,9
1595,9
1596,2
1597,8
1598,2
1599,4
1600,8
1601,8
1602,2
1603,8
1604,9
1605,0
1606,2
1607,9
1608,4
1609,9
1610,0
1611,4
1612,0
1613,0
1614,4
1615,8
1616,8
1617,8
1618,0
1619,8
1620,4
1621,4
1622,4
1623,0
1624,2
1625,2
1626,4
1627,8
1628,0
1629,8
1630,8
1631,0
1632,9
1633,8
1634,0
1635,0
1636,8
1637,8
1638,8
1639,8
1640,4
1641,0
1642,8
1643,2
1644,4
1645,8
1646,9
1647,8
1648,0
1649,2
1650,2
1651,8
1652,8
1653,0
1654,9
1655,4
1656,9
1657,9
1658,8
1659,0
1660,8
1661,4
1662,4
1663,9
1664,0
1665,4
1666,8
1667,4
1668,8
1669,0
1670,4
1671,4
1672,4
1673,4
1674,4
1675,8
1676,4
1677,8
1678,9
1679,4
1680,0
1681,0
1682,8
1683,2
1684,4
1685,9
1686,0
1687,0
1688,9
1689,9
1690,8
1691,0
1692,8
1693,8
1694,8
1695,9
1696,4
1697,0
1698,2
1699,4
1700,0
1701,4
1702,0
1703,4
1704,9
1705,9
1706,0
1707,0
1708,2
1709,9
1710,4
1711,9
1712,4
1713,2
1714,0
1715,8
1716,9
1717,2
1718,2
1719,4
1720,8
1721,2
1722,8
1723,2
1724,0
1725,0
1726,4
1727,8
1728,2
1729,0
1730,9
1731,8
1732,4
1733,2
1734,8
1735,9
1736,0
1737,8
1738,0
1739,4
1740,4
1741,4
1742,2
1743,4
1744,2
1745,2
1746,0
1747,8
1748,0
1749,2
1750,8
1751,8
1752,8
1753,4
1754,0
1755,0
1756,0
1757,8
1758,2
1759,4
1760,2
1761,9
1762,9
1763,2
1764,2
1765,8
1766,0
1767,0
1768,9
1769,8
1770,8
1771,0
1772,8
1773,8
1774,8
1775,0
1776,9
1777,0
1778,8
1779,4
1780,8
1781,9
1782,8
1783,4
1784,4
1785,8
1786,0
1787,0
1788,8
1789,8
1790,8
1791,8
1792,4
1793,9
1794,8
1795,8
1796,4
1797,8
1798,8
1799,8
1800,0
1801,0
1802,0
1803,4
1804,9
1805,9
1806,8
1807,4
1808,8
1809,0
1810,4
1811,4
1812,9
1813,4
1814,4
1815,0
1816,9
1817,8
1818,0
1819,8
1820,8
1821,2
1822,8
1823,4
1824,9
1825,8
1826,0
1827,8
1828,8
1829,8
1830,4
1831,0
1832,8
1833,4
1834,0
1835,2
1836,0
1837,4
1838,9
1839,9
1840,0
1841,4
1842,2
1843,8
1844,4
1845,8
1846,8
1847,2
1848,4
1849,4
1850,8
1851,2
1852,8
1853,8
1854,0
1855,2
1856,4
1857,0
1858,0
1859,0
1860,0
1861,0
1862,8
1863,4
1864,9
1865,0
1866,8
1867,2
1868,8
1869,8
1870,0
1871,8
1872,8
1873,8
1874,2
1875,9
1876,9
1877,0
1878,2
1879,2
1880,0
1881,0
1882,0
1883,8
1884,8
1885,4
1886,4
1887,8
1888,8
1889,4
1890,0
1891,8
1892,4
1893,8
1894,9
1895,2
1896,0
1897,0
1898,4
1899,9
1900,8
1901,0
1902,0
1903,0
1904,8
1905,0
1906,9
1907,9
1908,8
1909,2
1910,0
1911,4
1912,2
1913,0
1914,4
1915,8
1916,9
1917,2
1918,4
1919,2
1920,4
1921,4
1922,4
1923,8
1924,0
1925,9
1926,2
1927,2
1928,4
1929,2
1930,4
1931,8
1932,8
1933,0
1934,8
1935,8
1936,8
1937,8
1938,8
1939,2
1940,2
1941,4
1942,9
1943,0
1944,4
1945,0
1946,8
1947,8
1948,0
1949,4
1950,0
1951,0
1952,0
1953,8
1954,8
1955,0
1956,8
1957,2
1958,8
1959,8
1960,9
1961,8
1962,9
1963,0
1964,4
1965,8
1966,0
1967,2
1968,0
1969,4
1970,0
1971,8
1972,0
1973,8
1974,4
1975,8
1976,2
1977,0
1978,8
1979,8
1980,4
1981,4
1982,9
1983,0
1984,4
1985,0
1986,8
1987,8
1988,8
1989,0
1990,0
1991,0
1992,4
1993,9
1994,8
1995,0
1996,0
1997,0
1998,2
1999,0
2000,8
2001,4
2002,0
2003,0
2004,8
2005,8
2006,0
2007,8
2008,8
2009,0
2010,4
2011,8
2012,0
2013,4
2014,2
2015,4
2016,4
2017,8
2018,8
2019,4
2020,4
2021,0
2022,9
2023,0
2024,0
2025,8
2026,0
2027,8
2028,8
2029,2
2030,2
2031,9
2032,0
2033,9
2034,9
2035,0
2036,0
2037,8
2038,0
2039,4
2040,8
2041,0
2042,2
2043,9
2044,0
2045,4
2046,0
2047,0
2048,8
2049,4
2050,9
2051,9
2052,8
2053,8
2054,8
2055,0
2056,9
2057,0
2058,0
2059,0
2060,9
2061,8
2062,4
2063,4
2064,2
2065,0
2066,9
2067,4
2068,0
2069,2
2070,9
2071,4
2072,0
2073,4
2074,8
2075,0
2076,8
2077,8
2078,4
2079,4
2080,8
2081,4
2082,2
2083,9
2084,0
2085,9
2086,4
2087,9
2088,0
2089,2
2090,4
2091,4
2092,8
2093,9
2094,8
2095,8
2096,8
2097,2
2098,2
2099,0
2100,8
2101,8
2102,8
2103,8
2104,0
2105,0
2106,2
2107,4
2108,9
2109,4
2110,4
2111,0
2112,0
2113,9
2114,0
2115,0
2116,2
2117,2
2118,8
2119,0
2120,9
2121,8
2122,8
2123,4
2124,4
2125,4
2126,0
2127,2
2128,8
2129,8
2130,4
2131,8
2132,9
2133,0
2134,8
2135,9
2136,4
2137,4
2138,2
2139,4
2140,0
2141,0
2142,8
2143,8
2144,4
2145,4
2146,8
2147,8
2148,2
2149,0
2150,4
2151,0
2152,4
2153,8
2154,8
2155,8
2156,2
2157,8
2158,0
2159,8
2160,8
2161,4
2162,4
2163,2
2164,8
2165,0
2166,9
2167,9
2168,0
2169,0
2170,8
2171,9
2172,0
2173,0
2174,0
2175,0
2176,0
2177,8
2178,8
2179,8
2180,9
2181,2
2182,0
2183,8
2184,9
2185,0
2186,8
2187,9
2188,0
2189,2
2190,0
2191,0
2192,8
2193,8
2194,8
2195,4
2196,4
2197,8
2198,0
2199,0
2200,0
2201,9
2202,4
2203,0
2204,9
2205,8
2206,8
2207,8
2208,2
2209,2
2210,9
2211,0
2212,2
2213,0
2214,9
2215,8
2216,0
2217,8
2218,0
2219,9
2220,8
2221,2
2222,0
2223,8
2224,0
2225,4
2226,0
2227,8
2228,4
2229,2
2230,2
2231,8
2232,8
2233,9
2234,2
2235,0
2236,0
2237,8
2238,8
2239,8
2240,8
2241,0
2242,8
2243,4
2244,4
2245,4
2246,9
2247,0
2248,0
2249,0
2250,9
2251,0
2252,4
2253,0
2254,0
2255,8
2256,0
2257,8
2258,9
2259,0
2260,4
2261,2
2262,9
2263,4
2264,0
2265,8
2266,2
2267,8
2268,0
2269,2
2270,9
2271,8
2272,2
2273,4
2274,8
2275,0
2276,8
2277,0
2278,2
2279,8
2280,0
2281,4
2282,8
2283,8
2284,4
2285,9
2286,0
2287,8
2288,8
2289,8
2290,0
2291,9
2292,4
2293,4
2294,8
2295,4
2296,0
2297,4
2298,0
2299,2
2300,4
2301,9
2302,2
2303,4
2304,8
2305,8
2306,8
2307,4
2308,0
2309,8
2310,8
2311,2
2312,0
2313,0
2314,9
2315,2
2316,9
2317,8
2318,4
2319,0
2320,4
2321,8
2322,2
2323,4
2324,8
2325,8
2326,2
2327,8
2328,4
2329,0
2330,4
2331,4
2332,4
2333,0
2334,4
2335,9
2336,0
2337,2
2338,0
2339,9
2340,9
2341,8
2342,0
2343,8
2344,8
2345,0
2346,0
2347,0
2348,8
2349,8
2350,9
2351,2
2352,8
2353,8
2354,8
2355,0
2356,0
2357,0
2358,2
2359,4
2360,8
2361,8
2362,8
2363,0
2364,8
2365,9
2366,0
2367,8
2368,4
2369,8
2370,9
2371,0
2372,8
2373,2
2374,2
2375,4
2376,4
2377,8
2378,8
2379,9
2380,0
2381,8
2382,2
2383,9
2384,8
2385,0
2386,0
2387,2
2388,8
2389,8
2390,4
2391,2
2392,8
2393,0
2394,0
2395,8
2396,2
2397,0
2398,4
2399,9
2400,8
2401,9
2402,8
2403,8
2404,4
2405,9
2406,1
2407,8
2408,4
2409,2
2410,8
2411,8
2412,0
2413,8
2414,4
2415,0
2416,0
2417,0
2418,4
2419,8
2420,0
2421,2
2422,0
2423,8
2424,0
2425,2
2426,0
2427,0
2428,4
2429,4
2430,8
2431,0
2432,9
2433,8
2434,4
2435,4
2436,0
2437,0
2438,2
2439,0
2440,4
2441,4
2442,4
2443,8
2444,4
2445,9
2446,0
2447,2
2448,9
2449,8
2450,0
2451,4
2452,0
2453,8
2454,0
2455,4
2456,9
2457,8
2458,4
2459,2
2460,0
2461,9
2462,4
2463,0
2464,0
2465,4
2466,9
2467,4
2468,0
2469,4
2470,8
2471,8
2472,9
2473,4
2474,8
2475,0
2476,4
2477,8
2478,0
2479,0
2480,2
2481,8
2482,9
2483,0
2484,8
2485,0
2486,2
2487,8
2488,9
2489,0
2490,2
2491,4
2492,8
2493,8
2494,9
2495,2
2496,0
2497,0
2498,0
2499,0
2500,4
2501,2
2502,8
2503,2
2504,0
2505,2
2506,2
2507,4
2508,0
2509,4
2510,8
2511,8
2512,0
2513,8
2514,8
2515,2
2516,8
2517,8
2518,0
2519,8
2520,9
2521,8
2522,0
2523,9
2524,0
2525,9
2526,0
2527,8
2528,8
2529,9
2530,9
2531,4
2532,0
2533,8
2534,4
2535,8
2536,8
2537,9
2538,8
2539,4
2540,2
2541,2
2542,2
2543,9
2544,9
2545,8
2546,4
2547,2
2548,2
2549,9
2550,9
2551,4
2552,4
2553,0
2554,0
2555,8
2556,4
2557,8
2558,8
2559,8
2560,0
2561,8
2562,9
2563,0
2564,8
2565,9
2566,8
2567,0
2568,8
2569,4
2570,2
2571,2
2572,4
2573,4
2574,8
2575,2
2576,8
2577,9
2578,0
2579,8
2580,2
2581,0
2582,8
2583,8
2584,8
2585,0
2586,0
2587,9
2588,4
2589,0
2590,4
2591,2
2592,4
2593,2
2594,2
2595,9
2596,0
2597,0
2598,9
2599,8
2600,8
2601,2
2602,8
2603,2
2604,0
2605,2
2606,0
2607,8
2608,4
2609,8
2610,8
2611,4
2612,0
2613,8
2614,8
2615,8
2616,4
2617,8
2618,4
2619,4
2620,0
2621,8
2622,4
2623,9
2624,4
2625,9
2626,2
2627,8
2628,2
2629,0
2630,0
2631,8
2632,8
2633,4
2634,0
2635,8
2636,2
2637,4
2638,0
2639,4
2640,0
2641,0
2642,8
2643,0
2644,8
2645,8
2646,4
2647,4
2648,0
2649,4
2650,2
2651,8
2652,2
2653,2
2654,0
2655,4
2656,2
2657,8
2658,2
2659,4
2660,4
2661,2
2662,0
2663,0
2664,9
2665,8
2666,0
2667,8
2668,4
2669,9
2670,4
2671,2
2672,9
2673,0
2674,4
2675,8
2676,4
2677,0
2678,4
2679,4
2680,0
2681,4
2682,0
2683,2
2684,4
2685,2
2686,8
2687,0
2688,0
2689,4
2690,0
2691,0
2692,0
2693,8
2694,4
2695,0
2696,8
2697,0
2698,4
2699,0
2700,8
2701,2
2702,9
2703,8
2704,8
2705,4
2706,8
2707,8
2708,4
2709,8
2710,4
2711,9
2712,0
2713,2
2714,9
2715,4
2716,8
2717,2
2718,0
2719,0
2720,8
2721,2
2722,2
2723,0
2724,8
2725,9
2726,0
2727,0
2728,8
2729,0
2730,0
2731,4
2732,8
2733,4
2734,4
2735,8
2736,4
2737,4
2738,2
2739,4
2740,9
2741,4
2742,8
2743,9
2744,8
2745,8
2746,2
2747,0
2748,8
2749,8
2750,8
2751,4
2752,2
2753,2
2754,4
2755,8
2756,0
2757,2
2758,4
2759,2
2760,0
2761,9
2762,8
2763,4
2764,0
2765,8
2766,4
2767,0
2768,9
2769,8
2770,0
2771,0
2772,9
2773,9
2774,0
2775,9
2776,2
2777,2
2778,2
2779,4
2780,8
2781,0
2782,8
2783,0
2784,0
2785,0
2786,8
2787,4
2788,8
2789,8
2790,0
2791,4
2792,2
2793,0
2794,4
2795,8
2796,8
2797,8
2798,4
2799,8
2800,0
2801,8
2802,8
2803,0
2804,0
2805,4
2806,0
2807,2
2808,9
2809,8
2810,0
2811,8
2812,0
2813,0
2814,4
2815,8
2816,9
2817,2
2818,0
2819,8
2820,0
2821,8
2822,8
2823,8
2824,4
2825,2
2826,2
2827,8
2828,2
2829,0
2830,9
2831,0
2832,4
2833,8
2834,8
2835,0
2836,4
2837,2
2838,2
2839,0
2840,0
2841,8
2842,4
2843,4
2844,0
2845,0
2846,9
2847,8
2848,4
2849,6
2850,0
2851,4
2852,8
2853,0
2854,8
2855,4
2856,0
2857,0
2858,8
2859,9
2860,4
2861,2
2862,8
2863,0
2864,8
2865,4
2866,0
2867,2
2868,2
2869,8
2870,2
2871,8
2872,8
2873,4
2874,9
2875,4
2876,4
2877,9
2878,2
2879,8
2880,2
2881,2
2882,4
2883,8
2884,2
2885,4
2886,0
2887,0
2888,0
2889,0
2890,8
2891,8
2892,2
2893,2
2894,4
2895,4
2896,8
2897,8
2898,4
2899,4
2900,4
2901,4
2902,2
2903,9
2904,2
2905,4
2906,9
2907,2
2908,2
2909,4
2910,8
2911,4
2912,8
2913,4
2914,9
2915,8
2916,0
2917,4
2918,4
2919,8
2920,4
2921,9
2922,4
2923,0
2924,8
2925,0
2926,4
2927,4
2928,0
2929,4
2930,0
2931,0
2932,2
2933,2
2934,9
2935,8
2936,2
2937,4
2938,4
2939,2
2940,0
2941,9
2942,4
2943,0
2944,0
2945,8
2946,8
2947,8
2948,8
2949,2
2950,8
2951,0
2952,8
2953,2
2954,0
2955,9
2956,4
2957,0
2958,2
2959,2
2960,2
2961,8
2962,8
2963,8
2964,2
2965,8
2966,8
2967,4
2968,0
2969,9
2970,0
2971,8
2972,0
2973,0
2974,8
2975,2
2976,8
2977,4
2978,0
2979,2
2980,0
2981,8
2982,8
2983,8
2984,2
2985,4
2986,4
2987,2
2988,0
2989,4
2990,8
2991,4
2992,4
2993,0
2994,0
2995,9
2996,8
2997,0
2998,4
2999,2
3000,0
3001,2
3002,2
3003,8
3004,8
3005,4
3006,8
3007,0
3008,0
3009,8
3010,9
3011,8
3012,8
3013,2
3014,8
3015,9
3016,8
3017,2
3018,4
3019,4
3020,0
3021,0
3022,0
3023,9
3024,0
3025,0
3026,4
3027,8
3028,0
3029,9
3030,8
3031,8
3032,2
3033,8
3034,8
3035,0
3036,2
3037,0
3038,2
3039,8
3040,4
3041,2
3042,8
3043,9
3044,2
3045,0
3046,8
3047,2
3048,2
3049,8
3050,0
3051,0
3052,2
3053,4
3054,0
3055,0
3056,0
3057,8
3058,4
3059,4
3060,9
3061,8
3062,0
3063,8
3064,8
3065,0
3066,8
3067,8
3068,9
3069,9
3070,0
3071,9
3072,8
3073,0
3074,2
3075,8
3076,8
3077,4
3078,8
3079,4
3080,0
3081,2
3082,2
3083,4
3084,4
3085,8
3086,8
3087,9
3088,8
3089,2
3090,8
3091,8
3092,8
3093,8
3094,9
3095,0
3096,2
3097,9
3098,8
3099,2
3100,0
3101,0
3102,8
3103,2
3104,0
3105,8
3106,4
3107,8
3108,2
3109,8
3110,2
3111,9
3112,0
3113,0
3114,4
3115,0
3116,2
3117,9
3118,8
3119,0
3120,0
3121,8
3122,0
3123,8
3124,4
3125,4
3126,0
3127,0
3128,2
3129,2
3130,2
3131,8
3132,4
3133,8
3134,2
3135,8
3136,8
3137,0
3138,8
3139,0
3140,0
3141,0
3142,8
3143,8
3144,8
3145,4
3146,8
3147,2
3148,2
3149,8
3150,8
3151,8
3152,4
3153,9
3154,8
3155,0
3156,2
3157,4
3158,8
3159,4
3160,9
3161,8
3162,8
3163,4
3164,2
3165,4
3166,8
3167,0
3168,8
3169,8
3170,4
3171,8
3172,9
3173,2
3174,2
3175,0
3176,4
3177,2
3178,8
3179,4
3180,0
3181,2
3182,2
3183,8
3184,9
3185,8
3186,9
3187,8
3188,2
3189,8
3190,4
3191,0
3192,0
3193,2
3194,0
3195,0
3196,0
3197,8
3198,2
3199,8
3200,8
3201,0
3202,9
3203,2
3204,2
3205,0
3206,9
3207,0
3208,0
3209,2
3210,8
3211,0
3212,8
3213,8
3214,8
3215,8
3216,9
3217,9
3218,8
3219,8
3220,4
3221,0
3222,8
3223,0
3224,4
3225,2
3226,0
3227,9
3228,9
3229,2
3230,0
3231,8
3232,0
3233,8
3234,8
3235,8
3236,8
3237,4
3238,9
3239,4
3240,4
3241,4
3242,8
3243,4
3244,2
3245,4
3246,2
3247,0
3248,8
3249,8
3250,8
3251,9
3252,8
3253,8
3254,8
3255,0
3256,9
3257,4
3258,4
3259,2
3260,0
3261,0
3262,4
3263,2
3264,0
3265,2
3266,9
3267,4
3268,8
3269,2
3270,4
3271,0
3272,4
3273,8
3274,9
3275,0
3276,8
3277,2
3278,2
3279,8
3280,0
3281,4
3282,2
3283,0
3284,4
3285,8
3286,2
3287,8
3288,4
3289,0
3290,4
3291,8
3292,0
3293,2
3294,4
3295,4
3296,2
3297,4
3298,0
3299,2
3300,9
3301,4
3302,8
3303,0
3304,4
3305,0
3306,0
3307,0
3308,9
3309,0
3310,9
3311,8
3312,8
3313,4
3314,9
3315,4
3316,8
3317,9
3318,4
3319,9
3320,8
3321,0
3322,0
3323,2
3324,2
3325,2
3326,8
3327,0
3328,0
3329,0
3330,0
3331,0
3332,0
3333,8
3334,4
3335,0
3336,4
3337,8
3338,4
3339,8
3340,0
3341,0
3342,2
3343,8
3344,8
3345,8
3346,8
3347,4
3348,4
3349,8
3350,8
3351,9
3352,8
3353,8
3354,8
3355,8
3356,2
3357,8
3358,2
3359,8
3360,2
3361,8
3362,8
3363,8
3364,0
3365,4
3366,8
3367,8
3368,9
3369,9
3370,2
3371,0
3372,4
3373,8
3374,0
3375,8
3376,8
3377,8
3378,8
3379,2
3380,0
3381,9
3382,8
3383,9
3384,4
3385,9
3386,4
3387,0
3388,4
3389,8
3390,4
3391,8
3392,4
3393,2
3394,2
3395,9
3396,0
3397,8
3398,0
3399,9
3400,8
3401,2
3402,8
3403,0
3404,8
3405,4
3406,9
3407,4
3408,9
3409,8
3410,8
3411,8
3412,0
3413,0
3414,0
3415,4
3416,4
3417,8
3418,8
3419,0
3420,8
3421,9
3422,8
3423,8
3424,9
3425,4
3426,4
3427,8
3428,8
3429,2
3430,4
3431,8
3432,8
3433,0
3434,8
3435,4
3436,2
3437,4
3438,8
3439,8
3440,4
3441,8
3442,9
3443,0
3444,4
3445,8
3446,4
3447,4
3448,9
3449,8
3450,2
3451,8
3452,8
3453,4
3454,0
3455,2
3456,2
3457,4
3458,2
3459,0
3460,0
3461,8
3462,4
3463,4
3464,2
3465,8
3466,8
3467,2
3468,9
3469,4
3470,4
3471,4
3472,8
3473,0
3474,8
3475,0
3476,0
3477,9
3478,0
3479,4
3480,9
3481,0
3482,8
3483,4
3484,2
3485,0
3486,4
3487,9
3488,4
3489,4
3490,8
3491,4
3492,8
3493,0
3494,8
3495,9
3496,4
3497,4
3498,8
3499,4
3500,0
3501,4
3502,8
3503,0
3504,0
3505,9
3506,9
3507,9
3508,8
3509,4
3510,4
3511,9
3512,8
3513,8
3514,9
3515,8
3516,2
3517,8
3518,9
3519,8
3520,8
3521,8
3522,0
3523,8
3524,9
3525,9
3526,4
3527,0
3528,4
3529,8
3530,0
3531,0
3532,4
3533,8
3534,4
3535,8
3536,9
3537,4
3538,8
3539,8
3540,4
3541,9
3542,0
3543,8
3544,8
3545,4
3546,8
3547,8
3548,4
3549,0
3550,8
3551,0
3552,0
3553,2
3554,4
3555,8
3556,2
3557,0
3558,8
3559,8
3560,8
3561,0
3562,8
3563,2
3564,0
3565,8
3566,8
3567,2
3568,2
3569,8
3570,8
3571,9
3572,4
3573,8
3574,4
3575,0
3576,9
3577,8
3578,0
3579,9
3580,4
3581,8
3582,0
3583,8
3584,4
3585,2
3586,0
3587,0
3588,2
3589,9
3590,9
3591,0
3592,2
3593,8
3594,8
3595,8
3596,0
3597,0
3598,4
3599,0
3600,8
3601,0
3602,8
3603,9
3604,4
3605,9
3606,2
3607,0
3608,8
3609,8
3610,4
3611,2
3612,0
3613,4
3614,4
3615,4
3616,0
3617,2
3618,8
3619,9
3620,0
3621,4
3622,9
3623,4
3624,8
3625,0
3626,4
3627,2
3628,0
3629,0
3630,9
3631,8
3632,0
3633,8
3634,8
3635,0
3636,8
3637,4
3638,4
3639,4
3640,8
3641,9
3642,9
3643,4
3644,9
3645,9
3646,4
3647,8
3648,2
3649,4
3650,0
3651,9
3652,8
3653,8
3654,0
3655,4
3656,9
3657,0
3658,4
3659,9
3660,8
3661,4
3662,9
3663,8
3664,9
3665,9
3666,9
3667,8
3668,0
3669,4
3670,4
3671,4
3672,4
3673,2
3674,9
3675,8
3676,0
3677,9
3678,2
3679,8
3680,8
3681,0
3682,2
3683,4
3684,8
3685,9
3686,0
3687,0
3688,8
3689,0
3690,8
3691,8
3692,9
3693,8
3694,8
3695,8
3696,8
3697,9
3698,9
3699,4
3700,0
3701,9
3702,0
3703,8
3704,4
3705,4
3706,4
3707,9
3708,4
3709,8
3710,0
3711,9
3712,2
3713,2
3714,2
3715,4
3716,8
3717,8
3718,8
3719,8
3720,4
3721,9
3722,0
3723,9
3724,4
3725,8
3726,4
3727,4
3728,9
3729,0
3730,2
3731,2
3732,8
3733,8
3734,0
3735,4
3736,4
3737,4
3738,0
3739,4
3740,0
3741,8
3742,8
3743,8
3744,8
3745,8
3746,8
3747,2
3748,9
3749,8
3750,0
3751,4
3752,0
3753,2
3754,2
3755,0
3756,4
3757,8
3758,8
3759,8
3760,0
3761,2
3762,0
3763,4
3764,8
3765,2
3766,0
3767,4
3768,0
3769,0
3770,4
3771,0
3772,2
3773,2
3774,8
3775,0
3776,2
3777,2
3778,0
3779,0
3780,2
3781,8
3782,0
3783,2
3784,8
3785,9
3786,9
3787,2
3788,8
3789,0
3790,9
3791,9
3792,8
3793,4
3794,8
3795,0
3796,4
3797,0
3798,9
3799,4
3800,2
3801,4
3802,4
3803,8
3804,4
3805,0
3806,4
3807,9
3808,4
3809,4
3810,8
3811,4
3812,8
3813,8
3814,8
3815,4
3816,4
3817,8
3818,8
3819,0
3820,4
3821,8
3822,8
3823,9
3824,8
3825,8
3826,2
3827,0
3828,0
3829,4
3830,0
3831,0
3832,9
3833,0
3834,9
3835,8
3836,0
3837,8
3838,9
3839,4
3840,0
3841,8
3842,0
3843,4
3844,0
3845,8
3846,4
3847,8
3848,8
3849,2
3850,0
3851,8
3852,0
3853,9
3854,0
3855,4
3856,0
3857,8
3858,0
3859,8
3860,9
3861,4
3862,0
3863,9
3864,2
3865,4
3866,9
3867,0
3868,8
3869,8
3870,8
3871,4
3872,4
3873,8
3874,9
3875,4
3876,4
3877,0
3878,8
3879,8
3880,4
3881,2
3882,2
3883,8
3884,4
3885,8
3886,8
3887,2
3888,9
3889,4
3890,0
3891,0
3892,2
3893,8
3894,9
3895,0
3896,8
3897,0
3898,4
3899,2
3900,2
3901,0
3902,8
3903,8
3904,8
3905,2
3906,0
3907,9
3908,0
3909,9
3910,0
3911,8
3912,0
3913,8
3914,4
3915,4
3916,4
3917,2
3918,2
3919,4
3920,0
3921,0
3922,8
3923,8
3924,0
3925,4
3926,4
3927,8
3928,0
3929,2
3930,0
3931,0
3932,4
3933,4
3934,0
3935,8
3936,0
3937,4
3938,2
3939,4
3940,4
3941,2
3942,0
3943,8
3944,4
3945,0
3946,0
3947,4
3948,8
3949,8
3950,4
3951,2
3952,0
3953,2
3954,4
3955,4
3956,8
3957,9
3958,0
3959,2
3960,8
3961,4
3962,8
3963,0
3964,8
3965,0
3966,2
3967,4
3968,9
3969,4
3970,2
3971,0
3972,8
3973,4
3974,4
3975,8
3976,8
3977,8
3978,8
3979,8
3980,2
3981,8
3982,9
3983,4
3984,8
3985,4
3986,0
3987,4
3988,2
3989,9
3990,9
3991,8
3992,8
3993,0
3994,4
3995,4
3996,0
3997,0
3998,9
3999,4
4000,0
4001,0
4002,9
4003,8
4004,8
4005,0
4006,0
4007,8
4008,0
4009,9
4010,8
4011,8
4012,4
4013,0
4014,9
4015,9
4016,0
4017,2
4018,2
4019,4
4020,2
4021,4
4022,8
4023,0
4024,2
4025,4
4026,8
4027,0
4028,2
4029,8
4030,0
4031,4
4032,0
4033,0
4034,0
4035,4
4036,8
4037,4
4038,4
4039,0
4040,8
4041,4
4042,0
4043,8
4044,9
4045,9
4046,0
4047,8
4048,8
4049,9
4050,4
4051,4
4052,4
4053,1
4054,4
4055,8
4056,4
4057,8
4058,9
4059,8
4060,0
4061,4
4062,2
4063,8
4064,4
4065,8
4066,8
4067,0
4068,8
4069,8
4070,8
4071,4
4072,4
4073,8
4074,2
4075,8
4076,8
4077,9
4078,9
4079,4
4080,4
4081,4
4082,0
4083,0
4084,2
4085,8
4086,8
4087,0
4088,2
4089,8
4090,8
4091,2
4092,9
4093,0
4094,0
4095,2
4096,4
4097,8
4098,4
4099,0
4100,4
4101,9
4102,0
4103,8
4104,4
4105,4
4106,4
4107,8
4108,0
4109,0
4110,4
4111,0
4112,4
4113,8
4114,8
4115,8
4116,0
4117,8
4118,0
4119,8
4120,9
4121,0
4122,2
4123,4
4124,2
4125,8
4126,0
4127,0
4128,4
4129,9
4130,2
4131,4
4132,9
4133,9
4134,0
4135,4
4136,4
4137,0
4138,2
4139,8
4140,0
4141,0
4142,0
4143,2
4144,2
4145,0
4146,4
4147,0
4148,8
4149,8
4150,2
4151,0
4152,4
4153,2
4154,4
4155,8
4156,4
4157,0
4158,0
4159,2
4160,4
4161,2
4162,2
4163,8
4164,9
4165,2
4166,4
4167,0
4168,0
4169,0
4170,8
4171,8
4172,4
4173,4
4174,0
4175,4
4176,8
4177,9
4178,4
4179,8
4180,4
4181,8
4182,9
4183,0
4184,9
4185,8
4186,2
4187,2
4188,8
4189,8
4190,0
4191,9
4192,0
4193,4
4194,0
4195,0
4196,2
4197,0
4198,8
4199,0
4200,4
4201,2
4202,0
4203,2
4204,0
4205,0
4206,0
4207,8
4208,9
4209,0
4210,8
4211,0
4212,4
4213,0
4214,0
4215,9
4216,8
4217,4
4218,0
4219,0
4220,0
4221,2
4222,2
4223,2
4224,2
4225,4
4226,9
4227,8
4228,0
4229,4
4230,2
4231,4
4232,8
4233,2
4234,4
4235,4
4236,8
4237,4
4238,8
4239,2
4240,9
4241,2
4242,4
4243,8
4244,8
4245,2
4246,8
4247,0
4248,2
4249,2
4250,0
4251,6
4252,4
4253,8
4254,8
4255,4
4256,0
4257,8
4258,2
4259,8
4260,2
4261,9
4262,0
4263,0
4264,4
4265,4
4266,4
4267,2
4268,8
4269,9
4270,9
4271,0
4272,4
4273,9
4274,2
4275,0
4276,8
4277,8
4278,8
4279,9
4280,0
4281,8
4282,8
4283,0
4284,8
4285,8
4286,2
4287,9
4288,8
4289,4
4290,2
4291,2
4292,4
4293,8
4294,0
4295,0
4296,9
4297,8
4298,0
4299,8
4300,4
4301,8
4302,0
4303,8
4304,0
4305,9
4306,4
4307,4
4308,4
4309,8
4310,4
4311,0
4312,8
4313,8
4314,0
4315,0
4316,0
4317,4
4318,8
4319,8
4320,9
4321,0
4322,0
4323,2
4324,1
4325,4
4326,8
4327,0
4328,2
4329,2
4330,9
4331,0
4332,9
4333,4
4334,9
4335,0
4336,2
4337,2
4338,8
4339,8
4340,0
4341,8
4342,0
4343,8
4344,8
4345,4
4346,9
4347,8
4348,8
4349,0
4350,2
4351,0
4352,9
4353,8
4354,9
4355,0
4356,8
4357,8
4358,4
4359,8
4360,8
4361,8
4362,8
4363,4
4364,4
4365,8
4366,2
4367,0
4368,8
4369,9
4370,8
4371,0
4372,0
4373,4
4374,4
4375,9
4376,8
4377,0
4378,2
4379,2
4380,0
4381,0
4382,8
4383,9
4384,4
4385,8
4386,2
4387,8
4388,9
4389,4
4390,9
4391,9
4392,2
4393,4
4394,8
4395,0
4396,8
4397,8
4398,8
4399,4
4400,8
4401,4
4402,8
4403,8
4404,9
4405,8
4406,9
4407,4
4408,0
4409,0
4410,0
4411,4
4412,2
4413,2
4414,9
4415,0
4416,4
4417,4
4418,4
4419,8
4420,8
4421,8
4422,4
4423,9
4424,0
4425,2
4426,8
4427,4
4428,8
4429,2
4430,4
4431,4
4432,0
4433,2
4434,0
4435,0
4436,8
4437,4
4438,9
4439,9
4440,0
4441,8
4442,9
4443,8
4444,0
4445,0
4446,8
4447,2
4448,8
4449,4
4450,9
4451,0
4452,0
4453,0
4454,0
4455,8
4456,8
4457,0
4458,9
4459,0
4460,2
4461,8
4462,0
4463,8
4464,4
4465,4
4466,9
4467,2
4468,9
4469,8
4470,1
4471,4
4472,0
4473,8
4474,9
4475,0
4476,0
4477,0
4478,9
4479,8
4480,0
4481,4
4482,4
4483,0
4484,0
4485,8
4486,0
4487,9
4488,8
4489,4
4490,4
4491,0
4492,8
4493,8
4494,8
4495,8
4496,0
4497,8
4498,0
4499,9
4500,4
4501,4
4502,0
4503,8
4504,2
4505,2
4506,8
4507,8
4508,0
4509,4
4510,4
4511,9
4512,0
4513,4
4514,0
4515,2
4516,8
4517,9
4518,2
4519,4
4520,0
4521,2
4522,0
4523,8
4524,8
4525,8
4526,4
4527,2
4528,8
4529,8
4530,8
4531,4
4532,0
4533,8
4534,4
4535,4
4536,9
4537,8
4538,9
4539,0
4540,0
4541,0
4542,4
4543,0
4544,0
4545,0
4546,2
4547,4
4548,0
4549,8
4550,8
4551,0
4552,4
4553,2
4554,8
4555,0
4556,4
4557,0
4558,8
4559,2
4560,8
4561,0
4562,4
4563,8
4564,8
4565,0
4566,4
4567,9
4568,9
4569,2
4570,0
4571,4
4572,9
4573,0
4574,9
4575,8
4576,2
4577,0
4578,8
4579,4
4580,8
4581,0
4582,4
4583,0
4584,9
4585,2
4586,8
4587,2
4588,2
4589,4
4590,8
4591,0
4592,0
4593,8
4594,8
4595,8
4596,4
4597,4
4598,2
4599,9
4600,0
4601,9
4602,8
4603,0
4604,8
4605,0
4606,2
4607,8
4608,8
4609,8
4610,0
4611,8
4612,0
4613,2
4614,9
4615,9
4616,0
4617,8
4618,0
4619,2
4620,2
4621,8
4622,0
4623,0
4624,0
4625,0
4626,9
4627,4
4628,0
4629,4
4630,0
4631,9
4632,9
4633,4
4634,8
4635,8
4636,8
4637,8
4638,9
4639,8
4640,8
4641,4
4642,8
4643,0
4644,4
4645,2
4646,4
4647,0
4648,0
4649,4
4650,2
4651,8
4652,2
4653,8
4654,0
4655,8
4656,8
4657,0
4658,0
4659,8
4660,0
4661,2
4662,4
4663,8
4664,4
4665,2
4666,9
4667,4
4668,4
4669,9
4670,8
4671,4
4672,2
4673,2
4674,4
4675,8
4676,9
4677,8
4678,4
4679,4
4680,8
4681,9
4682,9
4683,9
4684,0
4685,4
4686,8
4687,4
4688,8
4689,4
4690,0
4691,4
4692,0
4693,8
4694,4
4695,0
4696,0
4697,0
4698,9
4699,8
4700,8
4701,2
4702,0
4703,8
4704,0
4705,4
4706,4
4707,8
4708,8
4709,4
4710,9
4711,0
4712,8
4713,8
4714,2
4715,0
4716,9
4717,8
4718,0
4719,4
4720,2
4721,8
4722,0
4723,2
4724,4
4725,0
4726,4
4727,0
4728,8
4729,4
4730,8
4731,9
4732,8
4733,0
4734,4
4735,8
4736,0
4737,8
4738,4
4739,2
4740,9
4741,8
4742,9
4743,8
4744,8
4745,0
4746,8
4747,9
4748,0
4749,0
4750,8
4751,4
4752,0
4753,0
4754,4
4755,4
4756,2
4757,0
4758,4
4759,8
4760,8
4761,0
4762,9
4763,8
4764,6
4765,0
4766,4
4767,4
4768,8
4769,4
4770,8
4771,8
4772,0
4773,8
4774,8
4775,4
4776,2
4777,2
4778,4
4779,0
4780,0
4781,0
4782,8
4783,8
4784,2
4785,2
4786,4
4787,0
4788,0
4789,4
4790,8
4791,2
4792,0
4793,8
4794,9
4795,0
4796,4
4797,4
4798,4
4799,8
4800,9
4801,9
4802,2
4803,0
4804,9
4805,8
4806,0
4807,8
4808,0
4809,1
4810,4
4811,8
4812,0
4813,1
4814,8
4815,9
4816,8
4817,4
4818,0
4819,8
4820,8
4821,9
4822,2
4823,4
4824,4
4825,4
4826,2
4827,4
4828,4
4829,9
4830,9
4831,0
4832,9
4833,8
4834,4
4835,8
4836,2
4837,0
4838,2
4839,4
4840,8
4841,2
4842,4
4843,8
4844,8
4845,0
4846,4
4847,2
4848,9
4849,4
4850,9
4851,8
4852,4
4853,0
4854,2
4855,8
4856,8
4857,8
4858,9
4859,8
4860,8
4861,0
4862,8
4863,8
4864,8
4865,9
4866,9
4867,8
4868,4
4869,0
4870,0
4871,8
4872,0
4873,2
4874,2
4875,8
4876,9
4877,2
4878,4
4879,8
4880,4
4881,0
4882,4
4883,0
4884,0
4885,9
4886,0
4887,8
4888,9
4889,4
4890,8
4891,8
4892,9
4893,4
4894,9
4895,4
4896,0
4897,4
4898,8
4899,8
4900,8
4901,4
4902,8
4903,8
4904,8
4905,4
4906,9
4907,0
4908,9
4909,2
4910,9
4911,8
4912,0
4913,9
4914,9
4915,0
4916,4
4917,4
4918,2
4919,8
4920,9
4921,9
4922,2
4923,0
4924,4
4925,4
4926,0
4927,0
4928,0
4929,8
4930,2
4931,8
4932,2
4933,4
4934,4
4935,4
4936,9
4937,9
4938,8
4939,8
4940,8
4941,2
4942,0
4943,2
4944,0
4945,8
4946,4
4947,2
4948,8
4949,4
4950,2
4951,4
4952,0
4953,8
4954,0
4955,0
4956,4
4957,9
4958,0
4959,9
4960,9
4961,0
4962,0
4963,8
4964,0
4965,2
4966,0
4967,8
4968,4
4969,8
4970,8
4971,0
4972,0
4973,0
4974,0
4975,9
4976,0
4977,8
4978,0
4979,2
4980,4
4981,0
4982,1
4983,9
4984,0
4985,2
4986,8
4987,8
4988,8
4989,8
4990,0
4991,0
4992,4
4993,2
4994,4
4995,4
4996,8
4997,9
4998,0
4999,8
5000,4
5001,0
5002,4
5003,4
5004,4
5005,0
5006,0
5007,9
5008,4
5009,9
5010,0
5011,8
5012,4
5013,8
5014,4
5015,2
5016,0
5017,0
5018,4
5019,9
5020,4
5021,4
5022,8
5023,8
5024,8
5025,4
5026,2
5027,9
5028,0
5029,0
5030,8
5031,0
5032,0
5033,9
5034,4
5035,0
5036,4
5037,2
5038,9
5039,8
5040,4
5041,4
5042,0
5043,4
5044,9
5045,9
5046,4
5047,4
5048,8
5049,8
5050,8
5051,0
5052,4
5053,8
5054,8
5055,9
5056,8
5057,8
5058,0
5059,2
5060,9
5061,4
5062,8
5063,0
5064,8
5065,8
5066,4
5067,8
5068,4
5069,8
5070,4
5071,0
5072,4
5073,8
5074,9
5075,4
5076,8
5077,8
5078,8
5079,0
5080,8
5081,0
5082,9
5083,4
5084,8
5085,0
5086,8
5087,8
5088,2
5089,9
5090,9
5091,0
5092,0
5093,8
5094,9
5095,0
5096,4
5097,2
5098,8
5099,0
5100,2
5101,9
5102,9
5103,0
5104,2
5105,8
5106,2
5107,2
5108,0
5109,8
5110,8
5111,9
5112,9
5113,4
5114,8
5115,8
5116,9
5117,0
5118,8
5119,0
5120,4
5121,4
5122,8
5123,8
5124,4
5125,4
5126,0
5127,4
5128,4
5129,0
5130,2
5131,4
5132,8
5133,4
5134,4
5135,4
5136,0
5137,0
5138,4
5139,8
5140,2
5141,8
5142,8
5143,4
5144,4
5145,0
5146,0
5147,8
5148,4
5149,8
5150,9
5151,9
5152,8
5153,8
5154,8
5155,2
5156,8
5157,4
5158,4
5159,4
5160,9
5161,4
5162,9
5163,4
5164,8
5165,0
5166,0
5167,4
5168,4
5169,0
5170,9
5171,8
5172,0
5173,2
5174,9
5175,0
5176,9
5177,4
5178,8
5179,4
5180,8
5181,4
5182,0
5183,4
5184,2
5185,0
5186,0
5187,4
5188,2
5189,2
5190,8
5191,8
5192,4
5193,8
5194,8
5195,9
5196,0
5197,4
5198,0
5199,4
5200,8
5201,8
5202,9
5203,8
5204,2
5205,0
5206,0
5207,0
5208,8
5209,0
5210,8
5211,8
5212,0
5213,8
5214,0
5215,8
5216,9
5217,8
5218,0
5219,9
5220,4
5221,2
5222,4
5223,2
5224,0
5225,2
5226,0
5227,0
5228,2
5229,9
5230,0
5231,8
5232,0
5233,0
5234,8
5235,8
5236,4
5237,8
5238,9
5239,0
5240,8
5241,0
5242,4
5243,4
5244,4
5245,8
5246,0
5247,8
5248,0
5249,0
5250,2
5251,4
5252,8
5253,0
5254,2
5255,2
5256,0
5257,0
5258,0
5259,0
5260,2
5261,4
5262,8
5263,8
5264,0
5265,0
5266,2
5267,4
5268,9
5269,4
5270,8
5271,2
5272,0
5273,4
5274,4
5275,2
5276,1
5277,8
5278,4
5279,9
5280,0
5281,2
5282,2
5283,4
5284,2
5285,2
5286,0
5287,0
5288,8
5289,0
5290,8
5291,8
5292,0
5293,9
5294,8
5295,4
5296,0
5297,8
5298,0
5299,0
5300,0
5301,0
5302,8
5303,8
5304,4
5305,8
5306,9
5307,4
5308,0
5309,8
5310,4
5311,9
5312,4
5313,8
5314,9
5315,9
5316,8
5317,4
5318,0
5319,0
5320,9
5321,9
5322,8
5323,0
5324,8
5325,2
5326,9
5327,0
5328,8
5329,2
5330,8
5331,0
5332,8
5333,4
5334,0
5335,8
5336,4
5337,8
5338,8
5339,8
5340,9
5341,8
5342,8
5343,4
5344,8
5345,8
5346,4
5347,9
5348,9
5349,2
5350,0
5351,8
5352,4
5353,8
5354,8
5355,4
5356,4
5357,8
5358,4
5359,8
5360,8
5361,0
5362,8
5363,2
5364,8
5365,8
5366,8
5367,8
5368,8
5369,8
5370,8
5371,2
5372,0
5373,8
5374,8
5375,9
5376,8
5377,8
5378,2
5379,0
5380,4
5381,2
5382,8
5383,2
5384,0
5385,9
5386,9
5387,0
5388,9
5389,8
5390,8
5391,4
5392,2
5393,4
5394,4
5395,2
5396,8
5397,2
5398,8
5399,0
5400,0
5401,8
5402,8
5403,8
5404,4
5405,8
5406,9
5407,8
5408,9
5409,2
5410,4
5411,9
5412,8
5413,8
5414,8
5415,4
5416,9
5417,9
5418,2
5419,0
5420,9
5421,8
5422,0
5423,8
5424,4
5425,0
5426,4
5427,9
5428,0
5429,2
5430,8
5431,8
5432,0
5433,8
5434,9
5435,2
5436,0
5437,0
5438,4
5439,9
5440,0
5441,4
5442,0
5443,0
5444,0
5445,2
5446,9
5447,8
5448,4
5449,9
5450,8
5451,9
5452,4
5453,8
5454,8
5455,9
5456,8
5457,4
5458,4
5459,2
5460,9
5461,4
5462,2
5463,8
5464,4
5465,2
5466,8
5467,0
5468,2
5469,2
5470,4
5471,8
5472,9
5473,2
5474,4
5475,2
5476,8
5477,8
5478,8
5479,0
5480,8
5481,4
5482,4
5483,4
5484,4
5485,4
5486,0
5487,9
5488,0
5489,8
5490,2
5491,8
5492,4
5493,2
5494,9
5495,8
5496,4
5497,4
5498,0
5499,0
5500,8
5501,0
5502,4
5503,8
5504,0
5505,0
5506,8
5507,0
5508,0
5509,4
5510,8
5511,2
5512,8
5513,0
5514,4
5515,4
5516,8
5517,8
5518,0
5519,4
5520,9
5521,2
5522,0
5523,8
5524,0
5525,8
5526,8
5527,2
5528,9
5529,8
5530,2
5531,4
5532,0
5533,0
5534,0
5535,2
5536,2
5537,8
5538,0
5539,2
5540,8
5541,0
5542,8
5543,0
5544,0
5545,0
5546,8
5547,8
5548,4
5549,8
5550,8
5551,0
5552,4
5553,9
5554,9
5555,2
5556,2
5557,2
5558,8
5559,8
5560,9
5561,2
5562,4
5563,8
5564,4
5565,0
5566,0
5567,9
5568,4
5569,0
5570,4
5571,0
5572,0
5573,8
5574,0
5575,4
5576,4
5577,0
5578,2
5579,0
5580,9
5581,0
5582,8
5583,4
5584,8
5585,0
5586,0
5587,4
5588,1
5589,2
5590,0
5591,8
5592,4
5593,2
5594,4
5595,4
5596,4
5597,0
5598,8
5599,2
5600,9
5601,4
5602,8
5603,0
5604,4
5605,2
5606,0
5607,0
5608,8
5609,8
5610,4
5611,4
5612,0
5613,2
5614,8
5615,0
5616,8
5617,4
5618,4
5619,4
5620,9
5621,0
5622,4
5623,2
5624,2
5625,4
5626,9
5627,4
5628,8
5629,8
5630,9
5631,8
5632,8
5633,0
5634,0
5635,0
5636,4
5637,0
5638,8
5639,4
5640,2
5641,0
5642,0
5643,0
5644,8
5645,8
5646,0
5647,4
5648,2
5649,8
5650,0
5651,0
5652,2
5653,0
5654,0
5655,0
5656,2
5657,4
5658,8
5659,2
5660,8
5661,8
5662,8
5663,0
5664,0
5665,4
5666,4
5667,4
5668,0
5669,4
5670,0
5671,2
5672,0
5673,0
5674,8
5675,8
5676,8
5677,8
5678,4
5679,2
5680,9
5681,8
5682,4
5683,0
5684,9
5685,9
5686,4
5687,0
5688,8
5689,8
5690,0
5691,4
5692,0
5693,8
5694,9
5695,0
5696,2
5697,8
5698,0
5699,0
5700,8
5701,2
5702,0
5703,9
5704,8
5705,9
5706,4
5707,0
5708,8
5709,4
5710,8
5711,0
5712,8
5713,4
5714,2
5715,2
5716,9
5717,8
5718,4
5719,4
5720,4
5721,4
5722,9
5723,8
5724,0
5725,4
5726,9
5727,4
5728,8
5729,0
5730,9
5731,8
5732,0
5733,8
5734,8
5735,4
5736,0
5737,9
5738,9
5739,0
5740,4
5741,0
5742,2
5743,9
5744,4
5745,0
5746,0
5747,9
5748,8
5749,4
5750,8
5751,2
5752,4
5753,0
5754,4
5755,0
5756,0
5757,8
5758,9
5759,0
5760,0
5761,8
5762,2
5763,4
5764,4
5765,9
5766,8
5767,4
5768,0
5769,8
5770,0
5771,9
5772,9
5773,8
5774,4
5775,4
5776,0
5777,2
5778,8
5779,8
5780,9
5781,8
5782,1
5783,8
5784,8
5785,8
5786,8
5787,9
5788,9
5789,0
5790,4
5791,2
5792,2
5793,8
5794,9
5795,4
5796,8
5797,9
5798,8
5799,4
5800,8
5801,2
5802,4
5803,4
5804,4
5805,2
5806,0
5807,9
5808,2
5809,0
5810,8
5811,0
5812,0
5813,8
5814,8
5815,0
5816,2
5817,2
5818,2
5819,0
5820,4
5821,4
5822,9
5823,8
5824,2
5825,4
5826,4
5827,4
5828,6
5829,4
5830,8
5831,2
5832,8
5833,8
5834,2
5835,8
5836,8
5837,0
5838,8
5839,4
5840,0
5841,4
5842,9
5843,0
5844,4
5845,4
5846,8
5847,2
5848,0
5849,4
5850,9
5851,9
5852,2
5853,4
5854,4
5855,0
5856,0
5857,8
5858,8
5859,8
5860,2
5861,8
5862,8
5863,9
5864,9
5865,4
5866,8
5867,8
5868,8
5869,8
5870,8
5871,8
5872,8
5873,4
5874,4
5875,9
5876,0
5877,0
5878,8
5879,8
5880,9
5881,2
5882,9
5883,0
5884,8
5885,4
5886,4
5887,8
5888,8
5889,4
5890,9
5891,9
5892,0
5893,9
5894,8
5895,9
5896,2
5897,4
5898,0
5899,8
5900,8
5901,0
5902,9
5903,0
5904,8
5905,4
5906,8
5907,8
5908,2
5909,0
5910,8
5911,0
5912,0
5913,0
5914,8
5915,8
5916,8
5917,4
5918,4
5919,4
5920,8
5921,0
5922,0
5923,8
5924,0
5925,4
5926,8
5927,2
5928,8
5929,4
5930,8
5931,0
5932,2
5933,0
5934,4
5935,8
5936,8
5937,0
5938,8
5939,0
5940,9
5941,8
5942,8
5943,0
5944,8
5945,0
5946,9
5947,0
5948,9
5949,8
5950,0
5951,0
5952,0
5953,8
5954,8
5955,8
5956,4
5957,0
5958,4
5959,9
5960,0
5961,4
5962,9
5963,0
5964,0
5965,2
5966,4
5967,4
5968,4
5969,4
5970,2
5971,4
5972,8
5973,2
5974,2
5975,9
5976,8
5977,0
5978,1
5979,8
5980,2
5981,4
5982,0
5983,4
5984,4
5985,9
5986,4
5987,0
5988,8
5989,9
5990,8
5991,0
5992,8
5993,4
5994,8
5995,9
5996,8
5997,8
5998,4
5999,0
6000,2
6001,4
6002,4
6003,4
6004,0
6005,9
6006,4
6007,4
6008,0
6009,8
6010,8
6011,4
6012,4
6013,2
6014,0
6015,4
6016,4
6017,9
6018,9
6019,8
6020,0
6021,0
6022,2
6023,8
6024,0
6025,4
6026,4
6027,2
6028,8
6029,9
6030,4
6031,8
6032,2
6033,4
6034,0
6035,8
6036,4
6037,2
6038,0
6039,4
6040,9
6041,0
6042,0
6043,8
6044,4
6045,0
6046,0
6047,9
6048,0
6049,4
6050,8
6051,9
6052,9
6053,4
6054,9
6055,2
6056,0
6057,8
6058,8
6059,8
6060,9
6061,9
6062,4
6063,8
6064,9
6065,4
6066,8
6067,8
6068,2
6069,9
6070,2
6071,0
6072,0
6073,8
6074,0
6075,8
6076,8
6077,0
6078,0
6079,9
6080,0
6081,0
6082,8
6083,2
6084,8
6085,9
6086,2
6087,0
6088,8
6089,2
6090,0
6091,0
6092,8
6093,0
6094,2
6095,8
6096,2
6097,0
6098,9
6099,8
6100,0
6101,9
6102,8
6103,2
6104,4
6105,0
6106,9
6107,2
6108,4
6109,0
6110,0
6111,8
6112,8
6113,0
6114,1
6115,9
6116,9
6117,0
6118,8
6119,4
6120,2
6121,4
6122,0
6123,8
6124,2
6125,0
6126,4
6127,2
6128,8
6129,9
6130,9
6131,2
6132,4
6133,4
6134,0
6135,8
6136,9
6137,0
6138,8
6139,8
6140,0
6141,0
6142,8
6143,4
6144,0
6145,8
6146,2
6147,8
6148,2
6149,4
6150,8
6151,9
6152,4
6153,9
6154,0
6155,4
6156,4
6157,0
6158,0
6159,4
6160,4
6161,0
6162,4
6163,9
6164,8
6165,8
6166,9
6167,0
6168,8
6169,0
6170,9
6171,4
6172,4
6173,0
6174,8
6175,2
6176,9
6177,8
6178,8
6179,9
6180,8
6181,8
6182,0
6183,8
6184,2
6185,0
6186,4
6187,4
6188,1
6189,0
6190,9
6191,2
6192,9
6193,8
6194,8
6195,0
6196,2
6197,9
6198,8
6199,8
6200,4
6201,2
6202,9
6203,9
6204,0
6205,0
6206,4
6207,4
6208,0
6209,9
6210,4
6211,9
6212,2
6213,2
6214,8
6215,8
6216,2
6217,0
6218,0
6219,0
6220,2
6221,2
6222,4
6223,0
6224,4
6225,0
6226,4
6227,8
6228,0
6229,2
6230,2
6231,0
6232,0
6233,8
6234,4
6235,8
6236,4
6237,2
6238,0
6239,9
6240,2
6241,2
6242,4
6243,4
6244,8
6245,4
6246,2
6247,8
6248,6
6249,8
6250,0
6251,0
6252,4
6253,9
6254,4
6255,8
6256,8
6257,2
6258,0
6259,0
6260,4
6261,8
6262,4
6263,8
6264,0
6265,4
6266,4
6267,9
6268,9
6269,8
6270,4
6271,4
6272,0
6273,4
6274,2
6275,8
6276,9
6277,4
6278,8
6279,8
6280,0
6281,0
6282,0
6283,9
6284,4
6285,4
6286,2
6287,2
6288,2
6289,4
6290,8
6291,4
6292,2
6293,0
6294,4
6295,2
6296,2
6297,4
6298,0
6299,0
6300,8
6301,2
6302,4
6303,4
6304,2
6305,0
6306,2
6307,4
6308,0
6309,8
6310,0
6311,8
6312,4
6313,2
6314,8
6315,8
6316,2
6317,0
6318,2
6319,4
6320,0
6321,9
6322,0
6323,8
6324,9
6325,0
6326,8
6327,0
6328,0
6329,2
6330,0
6331,8
6332,8
6333,8
6334,8
6335,2
6336,0
6337,0
6338,2
6339,0
6340,8
6341,8
6342,0
6343,0
6344,0
6345,8
6346,2
6347,8
6348,9
6349,8
6350,9
6351,0
6352,0
6353,0
6354,4
6355,8
6356,4
6357,8
6358,2
6359,9
6360,2
6361,9
6362,0
6363,4
6364,2
6365,2
6366,8
6367,8
6368,2
6369,8
6370,9
6371,8
6372,0
6373,8
6374,0
6375,0
6376,0
6377,4
6378,8
6379,4
6380,8
6381,2
6382,4
6383,9
6384,2
6385,8
6386,0
6387,2
6388,8
6389,0
6390,8
6391,8
6392,4
6393,8
6394,9
6395,4
6396,8
6397,8
6398,2
6399,0
6400,4
6401,0
6402,2
6403,0
6404,4
6405,4
6406,8
6407,4
6408,8
6409,0
6410,8
6411,8
6412,9
6413,0
6414,0
6415,0
6416,4
6417,0
6418,4
6419,8
6420,0
6421,8
6422,2
6423,0
6424,4
6425,9
6426,0
6427,0
6428,8
6429,0
6430,0
6431,8
6432,0
6433,2
6434,4
6435,8
6436,0
6437,2
6438,4
6439,4
6440,8
6441,8
6442,9
6443,8
6444,2
6445,9
6446,2
6447,2
6448,2
6449,8
6450,4
6451,9
6452,4
6453,0
6454,8
6455,8
6456,0
6457,8
6458,0
6459,4
6460,0
6461,8
6462,4
6463,4
6464,4
6465,4
6466,4
6467,0
6468,4
6469,8
6470,4
6471,9
6472,8
6473,9
6474,4
6475,8
6476,8
6477,9
6478,4
6479,4
6480,8
6481,0
6482,8
6483,0
6484,8
6485,4
6486,4
6487,0
6488,8
6489,8
6490,8
6491,2
6492,8
6493,0
6494,0
6495,0
6496,9
6497,8
6498,9
6499,0
6500,4
6501,8
6502,0
6503,8
6504,8
6505,8
6506,0
6507,0
6508,2
6509,0
6510,4
6511,2
6512,2
6513,4
6514,2
6515,4
6516,8
6517,8
6518,2
6519,2
6520,2
6521,0
6522,8
6523,2
6524,4
6525,2
6526,0
6527,0
6528,8
6529,8
6530,4
6531,4
6532,2
6533,0
6534,8
6535,0
6536,8
6537,9
6538,0
6539,4
6540,4
6541,8
6542,2
6543,8
6544,0
6545,8
6546,2
6547,4
6548,4
6549,9
6550,8
6551,8
6552,9
6553,9
6554,0
6555,9
6556,4
6557,4
6558,2
6559,2
6560,0
6561,4
6562,8
6563,4
6564,4
6565,8
6566,8
6567,2
6568,4
6569,8
6570,0
6571,8
6572,0
6573,0
6574,4
6575,8
6576,4
6577,4
6578,4
6579,2
6580,0
6581,0
6582,8
6583,0
6584,4
6585,1
6586,8
6587,8
6588,0
6589,0
6590,8
6591,8
6592,8
6593,0
6594,8
6595,4
6596,8
6597,9
6598,8
6599,8
6600,8
6601,4
6602,8
6603,9
6604,8
6605,8
6606,4
6607,2
6608,4
6609,8
6610,4
6611,9
6612,8
6613,8
6614,4
6615,8
6616,4
6617,4
6618,4
6619,8
6620,8
6621,4
6622,8
6623,0
6624,8
6625,8
6626,2
6627,2
6628,2
6629,9
6630,8
6631,9
6632,0
6633,4
6634,8
6635,9
6636,4
6637,8
6638,9
6639,8
6640,4
6641,6
6642,9
6643,8
6644,9
6645,0
6646,0
6647,8
6648,2
6649,0
6650,2
6651,0
6652,8
6653,8
6654,4
6655,0
6656,0
6657,8
6658,2
6659,9
6660,0
6661,0
6662,8
6663,2
6664,0
6665,2
6666,9
6667,8
6668,8
6669,8
6670,2
6671,0
6672,0
6673,8
6674,8
6675,0
6676,4
6677,8
6678,2
6679,2
6680,9
6681,0
6682,4
6683,8
6684,4
6685,0
6686,9
6687,9
6688,8
6689,4
6690,8
6691,8
6692,0
6693,0
6694,8
6695,8
6696,0
6697,8
6698,8
6699,8
6700,2
6701,9
6702,4
6703,0
6704,9
6705,0
6706,8
6707,9
6708,0
6709,2
6710,2
6711,4
6712,8
6713,8
6714,0
6715,4
6716,4
6717,9
6718,8
6719,8
6720,2
6721,2
6722,8
6723,8
6724,0
6725,0
6726,0
6727,8
6728,4
6729,9
6730,4
6731,0
6732,9
6733,9
6734,4
6735,0
6736,8
6737,4
6738,9
6739,0
6740,9
6741,9
6742,0
6743,8
6744,0
6745,4
6746,8
6747,0
6748,0
6749,8
6750,8
6751,4
6752,8
6753,8
6754,9
6755,0
6756,2
6757,0
6758,4
6759,9
6760,4
6761,8
6762,0
6763,0
6764,0
6765,8
6766,9
6767,4
6768,8
6769,9
6770,0
6771,0
6772,9
6773,8
6774,2
6775,9
6776,2
6777,0
6778,2
6779,8
6780,8
6781,0
6782,2
6783,8
6784,0
6785,4
6786,9
6787,8
6788,2
6789,2
6790,8
6791,8
6792,9
6793,9
6794,8
6795,8
6796,4
6797,8
6798,0
6799,8
6800,0
6801,2
6802,0
6803,8
6804,8
6805,9
6806,9
6807,4
6808,0
6809,2
6810,8
6811,8
6812,0
6813,8
6814,8
6815,4
6816,4
6817,0
6818,2
6819,8
6820,2
6821,0
6822,2
6823,9
6824,8
6825,9
6826,2
6827,8
6828,0
6829,4
6830,0
6831,2
6832,8
6833,0
6834,0
6835,8
6836,8
6837,4
6838,0
6839,9
6840,0
6841,2
6842,2
6843,9
6844,4
6845,0
6846,2
6847,0
6848,2
6849,4
6850,0
6851,8
6852,2
6853,0
6854,8
6855,2
6856,8
6857,8
6858,9
6859,4
6860,0
6861,4
6862,8
6863,8
6864,8
6865,4
6866,2
6867,9
6868,9
6869,4
6870,2
6871,8
6872,0
6873,2
6874,0
6875,9
6876,2
6877,8
6878,4
6879,9
6880,0
6881,2
6882,0
6883,9
6884,8
6885,2
6886,0
6887,4
6888,8
6889,0
6890,8
6891,0
6892,9
6893,0
6894,8
6895,0
6896,8
6897,2
6898,8
6899,2
6900,9
6901,0
6902,4
6903,8
6904,4
6905,4
6906,4
6907,4
6908,4
6909,0
6910,8
6911,8
6912,8
6913,0
6914,0
6915,9
6916,8
6917,9
6918,8
6919,8
6920,4
6921,4
6922,2
6923,8
6924,0
6925,8
6926,0
6927,0
6928,4
6929,0
6930,8
6931,8
6932,9
6933,4
6934,9
6935,0
6936,8
6937,0
6938,4
6939,0
6940,4
6941,2
6942,2
6943,2
6944,4
6945,9
6946,8
6947,8
6948,9
6949,2
6950,0
6951,8
6952,8
6953,0
6954,8
6955,4
6956,8
6957,0
6958,0
6959,4
6960,0
6961,8
6962,0
6963,8
6964,4
6965,9
6966,2
6967,0
6968,8
6969,4
6970,4
6971,4
6972,0
6973,8
6974,4
6975,8
6976,9
6977,8
6978,8
6979,8
6980,8
6981,0
6982,8
6983,8
6984,9
6985,8
6986,8
6987,4
6988,8
6989,4
6990,2
6991,0
6992,2
6993,4
6994,4
6995,0
6996,8
6997,0
6998,9
6999,0
7000,8
7001,2
7002,4
7003,9
7004,4
7005,9
7006,9
7007,9
7008,4
7009,0
7010,9
7011,8
7012,0
7013,8
7014,2
7015,8
7016,0
7017,9
7018,0
7019,0
7020,8
7021,9
7022,0
7023,9
7024,4
7025,0
7026,8
7027,8
7028,9
7029,0
7030,4
7031,8
7032,4
7033,0
7034,2
7035,4
7036,0
7037,0
7038,0
7039,8
7040,4
7041,2
7042,2
7043,9
7044,9
7045,8
7046,8
7047,9
7048,0
7049,4
7050,8
7051,2
7052,2
7053,0
7054,1
7055,0
7056,0
7057,4
7058,8
7059,0
7060,8
7061,0
7062,8
7063,8
7064,2
7065,8
7066,0
7067,8
7068,4
7069,4
7070,4
7071,4
7072,2
7073,2
7074,9
7075,8
7076,4
7077,9
7078,8
7079,4
7080,2
7081,2
7082,0
7083,8
7084,2
7085,8
7086,2
7087,0
7088,4
7089,0
7090,9
7091,8
7092,0
7093,8
7094,2
7095,2
7096,0
7097,9
7098,4
7099,9
7100,8
7101,2
7102,9
7103,2
7104,9
7105,4
7106,0
7107,4
7108,2
7109,4
7110,2
7111,4
7112,0
7113,9
7114,2
7115,0
7116,0
7117,0
7118,8
7119,0
7120,8
7121,0
7122,4
7123,0
7124,4
7125,8
7126,0
7127,0
7128,0
7129,9
7130,8
7131,8
7132,8
7133,8
7134,4
7135,0
7136,2
7137,0
7138,8
7139,0
7140,4
7141,0
7142,2
7143,4
7144,8
7145,9
7146,8
7147,8
7148,9
7149,4
7150,0
7151,8
7152,8
7153,9
7154,4
7155,4
7156,0
7157,9
7158,0
7159,8
7160,0
7161,0
7162,9
7163,4
7164,0
7165,4
7166,9
7167,4
7168,8
7169,8
7170,8
7171,9
7172,0
7173,0
7174,2
7175,8
7176,0
7177,4
7178,4
7179,0
7180,8
7181,2
7182,4
7183,4
7184,0
7185,4
7186,9
7187,0
7188,4
7189,0
7190,2
7191,2
7192,4
7193,4
7194,2
7195,0
7196,4
7197,8
7198,0
7199,0
7200,0
7201,9
7202,0
7203,0
7204,8
7205,4
7206,8
7207,0
7208,9
7209,0
7210,4
7211,4
7212,0
7213,2
7214,4
7215,9
7216,9
7217,4
7218,0
7219,8
7220,8
7221,4
7222,4
7223,8
7224,0
7225,9
7226,8
7227,8
7228,4
7229,4
7230,2
7231,8
7232,9
7233,4
7234,0
7235,8
7236,8
7237,8
7238,8
7239,4
7240,8
7241,4
7242,8
7243,2
7244,2
7245,8
7246,9
7247,9
7248,0
7249,2
7250,8
7251,0
7252,0
7253,0
7254,8
7255,2
7256,2
7257,4
7258,4
7259,8
7260,0
7261,8
7262,4
7263,0
7264,0
7265,4
7266,4
7267,4
7268,9
7269,8
7270,0
7271,0
7272,8
7273,0
7274,9
7275,2
7276,4
7277,8
7278,2
7279,9
7280,0
7281,4
7282,4
7283,4
7284,8
7285,9
7286,0
7287,0
7288,2
7289,8
7290,8
7291,9
7292,9
7293,8
7294,0
7295,0
7296,4
7297,9
7298,8
7299,4
7300,9
7301,4
7302,2
7303,2
7304,4
7305,0
7306,0
7307,4
7308,0
7309,9
7310,4
7311,0
7312,0
7313,4
7314,2
7315,0
7316,9
7317,4
7318,8
7319,2
7320,8
7321,4
7322,0
7323,4
7324,8
7325,8
7326,0
7327,2
7328,4
7329,4
7330,8
7331,8
7332,0
7333,2
7334,0
7335,9
7336,4
7337,0
7338,8
7339,8
7340,8
7341,9
7342,2
7343,4
7344,9
7345,2
7346,0
7347,0
7348,2
7349,8
7350,2
7351,8
7352,8
7353,8
7354,9
7355,4
7356,8
7357,0
7358,9
7359,0
7360,0
7361,0
7362,4
7363,2
7364,0
7365,9
7366,9
7367,8
7368,4
7369,2
7370,4
7371,2
7372,4
7373,8
7374,2
7375,8
7376,4
7377,4
7378,9
7379,8
7380,8
7381,8
7382,0
7383,4
7384,0
7385,4
7386,8
7387,8
7388,2
7389,2
7390,2
7391,0
7392,8
7393,4
7394,0
7395,9
7396,2
7397,8
7398,2
7399,9
7400,0
7401,2
7402,9
7403,8
7404,9
7405,4
7406,8
7407,8
7408,8
7409,8
7410,8
7411,4
7412,4
7413,2
7414,8
7415,0
7416,0
7417,4
7418,9
7419,4
7420,0
7421,0
7422,8
7423,0
7424,2
7425,0
7426,9
7427,2
7428,4
7429,4
7430,2
7431,8
7432,4
7433,4
7434,4
7435,4
7436,8
7437,8
7438,0
7439,8
7440,0
7441,4
7442,4
7443,8
7444,0
7445,0
7446,8
7447,8
7448,9
7449,4
7450,2
7451,2
7452,2
7453,9
7454,4
7455,8
7456,0
7457,9
7458,9
7459,0
7460,0
7461,4
7462,8
7463,0
7464,9
7465,2
7466,8
7467,2
7468,2
7469,9
7470,8
7471,8
7472,8
7473,4
7474,2
7475,8
7476,4
7477,0
7478,8
7479,8
7480,8
7481,2
7482,8
7483,0
7484,8
7485,8
7486,8
7487,0
7488,9
7489,4
7490,2
7491,0
7492,8
7493,0
7494,9
7495,0
7496,4
7497,2
7498,0
7499,2
7500,8
7501,0
7502,9
7503,0
7504,8
7505,4
7506,0
7507,4
7508,9
7509,8
7510,4
7511,2
7512,0
7513,8
7514,8
7515,8
7516,0
7517,4
7518,4
7519,4
7520,4
7521,9
7522,8
7523,8
7524,9
7525,8
7526,4
7527,4
7528,9
7529,8
7530,9
7531,0
7532,0
7533,2
7534,8
7535,8
7536,0
7537,4
7538,2
7539,9
7540,9
7541,8
7542,9
7543,8
7544,4
7545,4
7546,0
7547,9
7548,9
7549,0
7550,9
7551,2
7552,2
7553,0
7554,8
7555,0
7556,0
7557,0
7558,0
7559,8
7560,0
7561,4
7562,8
7563,0
7564,8
7565,2
7566,8
7567,0
7568,4
7569,4
7570,8
7571,4
7572,8
7573,9
7574,8
7575,0
7576,4
7577,0
7578,4
7579,8
7580,8
7581,2
7582,8
7583,2
7584,9
7585,0
7586,2
7587,2
7588,0
7589,0
7590,0
7591,0
7592,4
7593,4
7594,4
7595,2
7596,4
7597,9
7598,9
7599,4
7600,8
7601,4
7602,0
7603,4
7604,8
7605,0
7606,9
7607,8
7608,9
7609,9
7610,2
7611,8
7612,8
7613,2
7614,8
7615,0
7616,9
7617,8
7618,4
7619,8
7620,8
7621,8
7622,8
7623,0
7624,0
7625,0
7626,0
7627,0
7628,0
7629,8
7630,8
7631,0
7632,0
7633,2
7634,2
7635,8
7636,0
7637,0
7638,2
7639,2
7640,2
7641,8
7642,4
7643,4
7644,9
7645,0
7646,4
7647,2
7648,0
7649,8
7650,2
7651,9
7652,4
7653,0
7654,4
7655,8
7656,8
7657,8
7658,9
7659,2
7660,2
7661,9
7662,9
7663,9
7664,8
7665,4
7666,0
7667,8
7668,0
7669,0
7670,8
7671,0
7672,8
7673,9
7674,0
7675,9
7676,8
7677,9
7678,4
7679,4
7680,2
7681,0
7682,8
7683,4
7684,4
7685,9
7686,4
7687,0
7688,8
7689,8
7690,4
7691,8
7692,0
7693,0
7694,0
7695,8
7696,4
7697,2
7698,0
7699,4
7700,0
7701,8
7702,9
7703,9
7704,2
7705,8
7706,0
7707,2
7708,2
7709,2
7710,8
7711,4
7712,4
7713,9
7714,4
7715,0
7716,9
7717,9
7718,0
7719,0
7720,9
7721,8
7722,8
7723,2
7724,0
7725,9
7726,8
7727,2
7728,8
7729,2
7730,8
7731,8
7732,8
7733,4
7734,9
7735,8
7736,4
7737,0
7738,8
7739,2
7740,2
7741,8
7742,9
7743,8
7744,0
7745,9
7746,0
7747,8
7748,0
7749,0
7750,0
7751,4
7752,2
7753,4
7754,8
7755,9
7756,2
7757,0
7758,4
7759,9
7760,8
7761,8
7762,0
7763,4
7764,4
7765,8
7766,8
7767,2
7768,8
7769,8
7770,8
7771,8
7772,8
7773,8
7774,0
7775,8
7776,9
7777,0
7778,0
7779,8
7780,8
7781,4
7782,8
7783,8
7784,9
7785,8
7786,0
7787,0
7788,0
7789,8
7790,0
7791,4
7792,0
7793,4
7794,4
7795,8
7796,8
7797,0
7798,8
7799,0
7800,0
7801,4
7802,8
7803,0
7804,9
7805,0
7806,8
7807,8
7808,0
7809,2
7810,2
7811,8
7812,4
7813,8
7814,0
7815,8
7816,4
7817,8
7818,4
7819,0
7820,9
7821,4
7822,0
7823,0
7824,0
7825,8
7826,8
7827,0
7828,4
7829,0
7830,8
7831,4
7832,0
7833,8
7834,0
7835,9
7836,9
7837,0
7838,0
7839,0
7840,2
7841,0
7842,2
7843,8
7844,8
7845,8
7846,2
7847,4
7848,0
7849,9
7850,2
7851,0
7852,8
7853,4
7854,8
7855,4
7856,8
7857,8
7858,0
7859,0
7860,9
7861,8
7862,8
7863,4
7864,8
7865,9
7866,4
7867,8
7868,0
7869,8
7870,2
7871,9
7872,8
7873,8
7874,8
7875,8
7876,4
7877,9
7878,9
7879,2
7880,4
7881,0
7882,0
7883,0
7884,4
7885,8
7886,4
7887,4
7888,4
7889,8
7890,4
7891,0
7892,8
7893,8
7894,9
7895,8
7896,0
7897,9
7898,8
7899,8
7900,8
7901,0
7902,9
7903,0
7904,4
7905,0
7906,2
7907,8
7908,2
7909,9
7910,4
7911,9
7912,8
7913,8
7914,4
7915,4
7916,0
7917,0
7918,8
7919,8
7920,0
7921,2
7922,4
7923,8
7924,0
7925,0
7926,2
7927,8
7928,8
7929,8
7930,8
7931,9
7932,0
7933,0
7934,0
7935,8
7936,8
7937,9
7938,9
7939,0
7940,0
7941,8
7942,4
7943,4
7944,4
7945,4
7946,8
7947,4
7948,4
7949,0
7950,4
7951,8
7952,4
7953,4
7954,9
7955,2
7956,4
7957,4
7958,4
7959,0
7960,8
7961,9
7962,4
7963,8
7964,4
7965,2
7966,0
7967,8
7968,0
7969,0
7970,8
7971,2
7972,0
7973,8
7974,4
7975,0
7976,4
7977,0
7978,0
7979,8
7980,2
7981,0
7982,4
7983,9
7984,8
7985,4
7986,4
7987,8
7988,4
7989,4
7990,0
7991,4
7992,4
7993,8
7994,8
7995,0
7996,8
7997,0
7998,2
7999,2
8000,8
8001,2
8002,2
8003,0
8004,4
8005,4
8006,4
8007,2
8008,0
8009,4
8010,8
8011,0
8012,8
8013,9
8014,4
8015,8
8016,8
8017,8
8018,9
8019,9
8020,9
8021,2
8022,0
8023,9
8024,4
8025,0
8026,8
8027,8
8028,8
8029,0
8030,9
8031,4
8032,4
8033,2
8034,0
8035,4
8036,9
8037,9
8038,2
8039,0
8040,8
8041,4
8042,0
8043,0
8044,0
8045,8
8046,9
8047,9
8048,8
8049,0
8050,0
8051,2
8052,4
8053,0
8054,4
8055,8
8056,1
8057,8
8058,4
8059,8
8060,2
8061,9
8062,8
8063,8
8064,0
8065,4
8066,4
8067,0
8068,9
8069,8
8070,8
8071,8
8072,0
8073,8
8074,0
8075,4
8076,8
8077,8
8078,9
8079,9
8080,4
8081,9
8082,4
8083,8
8084,0
8085,4
8086,2
8087,0
8088,8
8089,0
8090,4
8091,2
8092,0
8093,0
8094,0
8095,0
8096,0
8097,0
8098,9
8099,9
8100,4
8101,8
8102,0
8103,8
8104,4
8105,0
8106,4
8107,4
8108,8
8109,9
8110,4
8111,2
8112,4
8113,8
8114,2
8115,9
8116,4
8117,9
8118,8
8119,8
8120,8
8121,2
8122,2
8123,4
8124,9
8125,0
8126,2
8127,8
8128,0
8129,2
8130,8
8131,0
8132,2
8133,0
8134,0
8135,9
8136,8
8137,0
8138,8
8139,9
8140,2
8141,0
8142,4
8143,8
8144,8
8145,8
8146,0
8147,9
8148,2
8149,8
8150,8
8151,8
8152,0
8153,2
8154,2
8155,8
8156,8
8157,8
8158,8
8159,8
8160,8
8161,4
8162,0
8163,8
8164,4
8165,9
8166,9
8167,2
8168,0
8169,9
8170,9
8171,8
8172,8
8173,8
8174,4
8175,4
8176,8
8177,0
8178,4
8179,8
8180,9
8181,8
8182,9
8183,0
8184,0
8185,8
8186,4
8187,2
8188,4
8189,8
8190,8
8191,4
8192,9
8193,4
8194,0
8195,0
8196,4
8197,2
8198,2
8199,4
8200,0
8201,0
8202,4
8203,8
8204,8
8205,8
8206,0
8207,4
8208,2
8209,8
8210,8
8211,8
8212,8
8213,9
8214,4
8215,4
8216,0
8217,4
8218,0
8219,2
8220,0
8221,2
8222,8
8223,8
8224,2
8225,4
8226,2
8227,4
8228,4
8229,8
8230,8
8231,4
8232,4
8233,0
8234,8
8235,4
8236,8
8237,0
8238,4
8239,4
8240,9
8241,8
8242,8
8243,9
8244,8
8245,0
8246,0
8247,0
8248,9
8249,8
8250,8
8251,0
8252,0
8253,9
8254,4
8255,0
8256,2
8257,8
8258,4
8259,0
8260,4
8261,8
8262,8
8263,4
8264,4
8265,2
8266,4
8267,8
8268,2
8269,4
8270,0
8271,8
8272,8
8273,4
8274,4
8275,2
8276,0
8277,0
8278,8
8279,8
8280,4
8281,8
8282,4
8283,4
8284,8
8285,8
8286,8
8287,2
8288,4
8289,0
8290,4
8291,0
8292,8
8293,2
8294,9
8295,0
8296,4
8297,8
8298,2
8299,0
8300,4
8301,9
8302,8
8303,8
8304,9
8305,4
8306,0
8307,4
8308,4
8309,0
8310,8
8311,9
8312,4
8313,4
8314,2
8315,0
8316,0
8317,0
8318,8
8319,0
8320,8
8321,8
8322,9
8323,0
8324,4
8325,8
8326,8
8327,0
8328,0
8329,4
8330,4
8331,4
8332,2
8333,0
8334,4
8335,4
8336,0
8337,0
8338,9
8339,0
8340,8
8341,4
8342,2
8343,0
8344,0
8345,8
8346,9
8347,2
8348,4
8349,4
8350,0
8351,9
8352,0
8353,4
8354,0
8355,2
8356,8
8357,8
8358,0
8359,8
8360,4
8361,8
8362,4
8363,8
8364,8
8365,0
8366,8
8367,9
8368,0
8369,8
8370,8
8371,4
8372,0
8373,2
8374,4
8375,0
8376,8
8377,4
8378,8
8379,4
8380,8
8381,0
8382,9
8383,0
8384,2
8385,0
8386,9
8387,8
8388,0
8389,8
8390,8
8391,8
8392,9
8393,8
8394,0
8395,9
8396,4
8397,8
8398,9
8399,4
8400,4
8401,9
8402,8
8403,2
8404,4
8405,9
8406,4
8407,9
8408,8
8409,4
8410,8
8411,0
8412,2
8413,0
8414,2
8415,0
8416,9
8417,4
8418,0
8419,8
8420,4
8421,0
8422,8
8423,8
8424,4
8425,0
8426,9
8427,9
8428,0
8429,2
8430,8
8431,9
8432,8
8433,4
8434,8
8435,0
8436,4
8437,0
8438,4
8439,0
8440,8
8441,9
8442,8
8443,4
8444,0
8445,0
8446,8
8447,2
8448,9
8449,8
8450,8
8451,8
8452,8
8453,0
8454,4
8455,0
8456,8
8457,4
8458,8
8459,0
8460,9
8461,9
8462,4
8463,8
8464,8
8465,2
8466,2
8467,0
8468,9
8469,4
8470,4
8471,0
8472,8
8473,8
8474,0
8475,8
8476,4
8477,9
8478,8
8479,9
8480,4
8481,2
8482,0
8483,9
8484,4
8485,4
8486,4
8487,9
8488,4
8489,0
8490,2
8491,0
8492,9
8493,8
8494,8
8495,0
8496,9
8497,4
8498,4
8499,2
8500,4
8501,9
8502,9
8503,0
8504,9
8505,9
8506,0
8507,0
8508,0
8509,2
8510,0
8511,2
8512,4
8513,4
8514,8
8515,4
8516,0
8517,4
8518,4
8519,2
8520,8
8521,8
8522,4
8523,4
8524,8
8525,8
8526,8
8527,0
8528,8
8529,0
8530,2
8531,4
8532,8
8533,8
8534,4
8535,1
8536,4
8537,2
8538,2
8539,1
8540,4
8541,0
8542,8
8543,4
8544,8
8545,8
8546,2
8547,8
8548,2
8549,8
8550,0
8551,0
8552,0
8553,8
8554,9
8555,8
8556,4
8557,9
8558,4
8559,0
8560,4
8561,8
8562,8
8563,0
8564,0
8565,8
8566,8
8567,8
8568,2
8569,4
8570,8
8571,4
8572,8
8573,0
8574,1
8575,8
8576,0
8577,8
8578,0
8579,8
8580,2
8581,9
8582,4
8583,8
8584,9
8585,8
8586,0
8587,8
8588,0
8589,0
8590,9
8591,0
8592,4
8593,2
8594,4
8595,2
8596,8
8597,0
8598,4
8599,9
8600,8
8601,8
8602,0
8603,8
8604,8
8605,8
8606,0
8607,8
8608,8
8609,4
8610,4
8611,0
8612,8
8613,8
8614,8
8615,0
8616,8
8617,0
8618,8
8619,8
8620,8
8621,4
8622,2
8623,8
8624,2
8625,0
8626,0
8627,2
8628,0
8629,4
8630,8
8631,8
8632,2
8633,2
8634,0
8635,4
8636,8
8637,0
8638,8
8639,0
8640,9
8641,8
8642,0
8643,9
8644,0
8645,0
8646,0
8647,8
8648,8
8649,0
8650,0
8651,4
8652,4
8653,0
8654,0
8655,2
8656,9
8657,0
8658,4
8659,2
8660,0
8661,4
8662,2
8663,8
8664,0
8665,1
8666,8
8667,8
8668,8
8669,0
8670,0
8671,9
8672,0
8673,4
8674,2
8675,2
8676,2
8677,8
8678,2
8679,0
8680,8
8681,2
8682,0
8683,8
8684,0
8685,8
8686,8
8687,9
8688,8
8689,0
8690,0
8691,8
8692,1
8693,4
8694,9
8695,4
8696,0
8697,0
8698,0
8699,4
8700,8
8701,8
8702,4
8703,4
8704,9
8705,0
8706,2
8707,8
8708,6
8709,8
8710,4
8711,9
8712,4
8713,8
8714,8
8715,4
8716,4
8717,2
8718,4
8719,8
8720,8
8721,0
8722,8
8723,4
8724,2
8725,0
8726,9
8727,0
8728,0
8729,8
8730,4
8731,0
8732,2
8733,0
8734,8
8735,0
8736,9
8737,4
8738,8
8739,9
8740,9
8741,0
8742,2
8743,8
8744,0
8745,0
8746,2
8747,0
8748,0
8749,2
8750,4
8751,4
8752,4
8753,2
8754,9
8755,0
8756,0
8757,0
8758,2
8759,0
8760,0
8761,0
8762,4
8763,8
8764,2
8765,9
8766,9
8767,9
8768,4
8769,4
8770,0
8771,8
8772,9
8773,0
8774,8
8775,8
8776,8
8777,8
8778,8
8779,0
8780,9
8781,0
8782,2
8783,0
8784,4
8785,9
8786,0
8787,2
8788,8
8789,0
8790,4
8791,0
8792,8
8793,0
8794,2
8795,8
8796,9
8797,4
8798,8
8799,4
8800,4
8801,4
8802,2
8803,8
8804,4
8805,8
8806,0
8807,0
8808,8
8809,8
8810,8
8811,8
8812,0
8813,0
8814,2
8815,0
8816,9
8817,8
8818,9
8819,9
8820,0
8821,2
8822,0
8823,4
8824,8
8825,4
8826,0
8827,0
8828,0
8829,9
8830,8
8831,8
8832,8
8833,9
8834,8
8835,0
8836,0
8837,0
8838,4
8839,8
8840,9
8841,0
8842,2
8843,8
8844,8
8845,4
8846,8
8847,4
8848,0
8849,8
8850,0
8851,0
8852,4
8853,8
8854,9
8855,2
8856,9
8857,0
8858,4
8859,4
8860,8
8861,0
8862,0
8863,4
8864,0
8865,8
8866,4
8867,0
8868,8
8869,4
8870,8
8871,9
8872,8
8873,8
8874,0
8875,0
8876,9
8877,2
8878,4
8879,8
8880,0
8881,0
8882,4
8883,8
8884,0
8885,0
8886,8
8887,9
8888,8
8889,9
8890,8
8891,4
8892,0
8893,4
8894,8
8895,4
8896,0
8897,8
8898,0
8899,8
8900,4
8901,0
8902,2
8903,4
8904,8
8905,0
8906,0
8907,8
8908,4
8909,8
8910,2
8911,0
8912,4
8913,8
8914,0
8915,2
8916,4
8917,9
8918,4
8919,2
8920,4
8921,9
8922,9
8923,0
8924,9
8925,9
8926,2
8927,8
8928,0
8929,4
8930,0
8931,0
8932,9
8933,2
8934,8
8935,8
8936,8
8937,0
8938,0
8939,2
8940,4
8941,9
8942,8
8943,9
8944,4
8945,8
8946,4
8947,8
8948,0
8949,4
8950,2
8951,9
8952,8
8953,8
8954,8
8955,8
8956,0
8957,2
8958,2
8959,4
8960,4
8961,4
8962,4
8963,0
8964,9
8965,8
8966,9
8967,8
8968,2
8969,2
8970,8
8971,9
8972,8
8973,0
8974,2
8975,8
8976,9
8977,9
8978,0
8979,0
8980,9
8981,0
8982,4
8983,0
8984,2
8985,9
8986,9
8987,8
8988,0
8989,4
8990,8
8991,8
8992,2
8993,4
8994,0
8995,4
8996,8
8997,0
8998,9
8999,2
9000,4
9001,9
9002,0
9003,4
9004,2
9005,8
9006,0
9007,8
9008,4
9009,0
9010,8
9011,0
9012,9
9013,0
9014,9
9015,0
9016,8
9017,0
9018,9
9019,4
9020,4
9021,0
9022,8
9023,4
9024,2
9025,4
9026,8
9027,4
9028,2
9029,8
9030,8
9031,0
9032,2
9033,4
9034,9
9035,8
9036,0
9037,0
9038,0
9039,0
9040,2
9041,8
9042,0
9043,4
9044,8
9045,8
9046,8
9047,9
9048,4
9049,9
9050,4
9051,2
9052,9
9053,9
9054,4
9055,8
9056,8
9057,2
9058,9
9059,4
9060,4
9061,2
9062,4
9063,8
9064,0
9065,0
9066,9
9067,2
9068,0
9069,8
9070,8
9071,0
9072,8
9073,8
9074,0
9075,4
9076,2
9077,4
9078,0
9079,4
9080,9
9081,8
9082,8
9083,9
9084,2
9085,2
9086,2
9087,2
9088,8
9089,2
9090,8
9091,0
9092,8
9093,0
9094,2
9095,0
9096,8
9097,2
9098,0
9099,8
9100,0
9101,0
9102,4
9103,0
9104,9
9105,2
9106,0
9107,8
9108,8
9109,4
9110,4
9111,2
9112,4
9113,8
9114,4
9115,9
9116,0
9117,8
9118,0
9119,0
9120,8
9121,9
9122,0
9123,0
9124,4
9125,8
9126,8
9127,4
9128,4
9129,4
9130,4
9131,4
9132,0
9133,0
9134,0
9135,9
9136,9
9137,8
9138,4
9139,9
9140,4
9141,4
9142,9
9143,4
9144,8
9145,2
9146,0
9147,8
9148,2
9149,0
9150,9
9151,0
9152,8
9153,0
9154,4
9155,0
9156,9
9157,4
9158,4
9159,0
9160,2
9161,8
9162,9
9163,8
9164,8
9165,0
9166,2
9167,0
9168,0
9169,0
9170,9
9171,4
9172,2
9173,8
9174,0
9175,9
9176,4
9177,8
9178,9
9179,0
9180,0
9181,2
9182,2
9183,8
9184,8
9185,0
9186,8
9187,0
9188,8
9189,0
9190,0
9191,0
9192,0
9193,8
9194,8
9195,4
9196,0
9197,8
9198,0
9199,8
9200,2
9201,9
9202,2
9203,8
9204,0
9205,8
9206,4
9207,8
9208,2
9209,0
9210,0
9211,0
9212,4
9213,8
9214,2
9215,4
9216,9
9217,0
9218,4
9219,0
9220,8
9221,4
9222,4
9223,8
9224,0
9225,4
9226,8
9227,8
9228,0
9229,8
9230,9
9231,4
9232,0
9233,2
9234,8
9235,0
9236,8
9237,2
9238,8
9239,8
9240,0
9241,0
9242,0
9243,8
9244,0
9245,9
9246,9
9247,4
9248,2
9249,8
9250,9
9251,4
9252,0
9253,0
9254,9
9255,8
9256,8
9257,2
9258,8
9259,2
9260,4
9261,0
9262,8
9263,2
9264,8
9265,0
9266,8
9267,4
9268,8
9269,8
9270,8
9271,0
9272,9
9273,9
9274,2
9275,4
9276,4
9277,4
9278,0
9279,4
9280,4
9281,9
9282,4
9283,8
9284,4
9285,8
9286,0
9287,0
9288,0
9289,8
9290,8
9291,8
9292,2
9293,8
9294,0
9295,0
9296,8
9297,0
9298,8
9299,9
9300,2
9301,8
9302,9
9303,4
9304,9
9305,2
9306,4
9307,4
9308,8
9309,0
9310,0
9311,0
9312,9
9313,4
9314,8
9315,2
9316,4
9317,9
9318,8
9319,8
9320,4
9321,8
9322,4
9323,0
9324,8
9325,2
9326,4
9327,4
9328,9
9329,2
9330,2
9331,2
9332,9
9333,8
9334,0
9335,9
9336,9
9337,4
9338,2
9339,8
9340,4
9341,0
9342,2
9343,8
9344,2
9345,4
9346,2
9347,8
9348,4
9349,2
9350,0
9351,0
9352,0
9353,8
9354,4
9355,0
9356,0
9357,9
9358,8
9359,9
9360,4
9361,8
9362,4
9363,8
9364,2
9365,2
9366,2
9367,9
9368,4
9369,8
9370,9
9371,0
9372,9
9373,8
9374,8
9375,8
9376,9
9377,9
9378,0
9379,4
9380,8
9381,4
9382,0
9383,9
9384,0
9385,0
9386,0
9387,4
9388,8
9389,2
9390,8
9391,8
9392,9
9393,8
9394,8
9395,8
9396,9
9397,4
9398,0
9399,0
9400,2
9401,8
9402,2
9403,4
9404,8
9405,0
9406,0
9407,8
9408,8
9409,0
9410,8
9411,2
9412,9
9413,0
9414,0
9415,2
9416,2
9417,8
9418,9
9419,8
9420,9
9421,8
9422,8
9423,0
9424,0
9425,4
9426,0
9427,0
9428,8
9429,4
9430,0
9431,4
9432,8
9433,9
9434,0
9435,8
9436,8
9437,8
9438,0
9439,9
9440,0
9441,4
9442,0
9443,8
9444,8
9445,8
9446,2
9447,9
9448,4
9449,4
9450,2
9451,0
9452,8
9453,8
9454,0
9455,4
9456,8
9457,9
9458,0
9459,0
9460,9
9461,8
9462,0
9463,8
9464,8
9465,2
9466,8
9467,8
9468,8
9469,0
9470,8
9471,0
9472,9
9473,4
9474,2
9475,2
9476,9
9477,2
9478,8
9479,8
9480,4
9481,0
9482,0
9483,2
9484,4
9485,2
9486,8
9487,4
9488,0
9489,8
9490,8
9491,8
9492,8
9493,8
9494,0
9495,2
9496,4
9497,2
9498,0
9499,4
9500,8
9501,0
9502,4
9503,2
9504,8
9505,8
9506,9
9507,0
9508,0
9509,4
9510,0
9511,9
9512,2
9513,2
9514,0
9515,4
9516,8
9517,2
9518,8
9519,2
9520,8
9521,8
9522,0
9523,0
9524,8
9525,4
9526,9
9527,2
9528,9
9529,4
9530,2
9531,2
9532,0
9533,8
9534,4
9535,4
9536,8
9537,4
9538,0
9539,4
9540,8
9541,4
9542,8
9543,0
9544,2
9545,4
9546,4
9547,2
9548,2
9549,8
9550,8
9551,8
9552,8
9553,8
9554,4
9555,9
9556,8
9557,8
9558,9
9559,9
9560,8
9561,2
9562,8
9563,2
9564,4
9565,0
9566,4
9567,4
9568,8
9569,9
9570,4
9571,0
9572,8
9573,0
9574,4
9575,8
9576,4
9577,2
9578,4
9579,0
9580,2
9581,8
9582,4
9583,9
9584,8
9585,2
9586,8
9587,8
9588,0
9589,8
9590,2
9591,0
9592,2
9593,0
9594,8
9595,4
9596,8
9597,8
9598,8
9599,0
9600,2
9601,2
9602,4
9603,0
9604,2
9605,2
9606,8
9607,0
9608,0
9609,8
9610,8
9611,4
9612,8
9613,0
9614,9
9615,8
9616,8
9617,0
9618,4
9619,8
9620,0
9621,9
9622,4
9623,4
9624,9
9625,0
9626,4
9627,8
9628,8
9629,8
9630,9
9631,9
9632,4
9633,2
9634,9
9635,4
9636,8
9637,0
9638,4
9639,4
9640,0
9641,8
9642,8
9643,4
9644,0
9645,4
9646,8
9647,4
9648,2
9649,9
9650,0
9651,8
9652,8
9653,0
9654,0
9655,9
9656,4
9657,8
9658,0
9659,8
9660,4
9661,2
9662,4
9663,0
9664,2
9665,4
9666,0
9667,0
9668,0
9669,9
9670,0
9671,8
9672,9
9673,8
9674,8
9675,4
9676,8
9677,9
9678,9
9679,2
9680,8
9681,8
9682,0
9683,0
9684,4
9685,4
9686,0
9687,8
9688,8
9689,0
9690,2
9691,0
9692,0
9693,4
9694,2
9695,8
9696,8
9697,8
9698,0
9699,4
9700,0
9701,4
9702,4
9703,8
9704,8
9705,9
9706,4
9707,8
9708,2
9709,4
9710,8
9711,0
9712,0
9713,8
9714,2
9715,9
9716,2
9717,0
9718,0
9719,4
9720,8
9721,0
9722,0
9723,4
9724,4
9725,2
9726,9
9727,8
9728,0
9729,2
9730,0
9731,4
9732,8
9733,8
9734,4
9735,0
9736,4
9737,0
9738,4
9739,9
9740,0
9741,8
9742,8
9743,4
9744,8
9745,2
9746,4
9747,8
9748,4
9749,4
9750,4
9751,0
9752,8
9753,8
9754,8
9755,2
9756,8
9757,9
9758,4
9759,9
9760,8
9761,9
9762,4
9763,4
9764,0
9765,4
9766,0
9767,9
9768,8
9769,4
9770,8
9771,0
9772,8
9773,8
9774,8
9775,2
9776,8
9777,0
9778,8
9779,2
9780,0
9781,0
9782,0
9783,0
9784,4
9785,4
9786,4
9787,8
9788,0
9789,0
9790,2
9791,8
9792,0
9793,9
9794,4
9795,2
9796,4
9797,2
9798,8
9799,0
9800,8
9801,0
9802,0
9803,8
9804,8
9805,8
9806,4
9807,4
9808,0
9809,0
9810,8
9811,8
9812,0
9813,4
9814,9
9815,0
9816,2
9817,8
9818,0
9819,4
9820,8
9821,8
9822,0
9823,2
9824,8
9825,8
9826,8
9827,8
9828,4
9829,8
9830,8
9831,0
9832,0
9833,8
9834,0
9835,9
9836,9
9837,0
9838,0
9839,0
9840,2
9841,9
9842,8
9843,0
9844,8
9845,9
9846,4
9847,0
9848,9
9849,9
9850,0
9851,8
9852,2
9853,0
9854,8
9855,2
9856,2
9857,0
9858,4
9859,8
9860,9
9861,0
9862,0
9863,4
9864,4
9865,9
9866,8
9867,0
9868,2
9869,8
9870,0
9871,0
9872,8
9873,8
9874,8
9875,4
9876,9
9877,2
9878,9
9879,8
9880,0
9881,4
9882,9
9883,0
9884,4
9885,8
9886,8
9887,2
9888,9
9889,0
9890,4
9891,8
9892,9
9893,2
9894,4
9895,0
9896,4
9897,0
9898,0
9899,0
9900,0
9901,0
9902,4
9903,8
9904,4
9905,8
9906,8
9907,8
9908,8
9909,0
9910,8
9911,9
9912,2
9913,0
9914,2
9915,9
9916,2
9917,8
9918,0
9919,8
9920,8
9921,8
9922,9
9923,8
9924,0
9925,8
9926,9
9927,0
9928,8
9929,0
9930,4
9931,0
9932,8
9933,2
9934,4
9935,2
9936,0
9937,9
9938,8
9939,4
9940,0
9941,8
9942,0
9943,0
9944,8
9945,0
9946,8
9947,2
9948,0
9949,8
9950,4
9951,0
9952,8
9953,2
9954,8
9955,0
9956,9
9957,0
9958,0
9959,4
9960,0
9961,2
9962,2
9963,2
9964,4
9965,0
9966,4
9967,9
9968,8
9969,8
9970,2
9971,2
9972,2
9973,9
9974,8
9975,8
9976,9
9977,2
9978,9
9979,0
9980,0
9981,0
9982,8
9983,0
9984,0
9985,4
9986,8
9987,8
9988,8
9989,4
9990,9
9991,2
9992,8
9993,9
9994,0
9995,9
9996,2
9997,8
9998,0
9999,8
